,index,Unnamed: 0,model_id,selected,fold,repetition,num_neurons,weight_regularization,monitored_metric,loss,epoch,activation_name,architecture_id,train_overall_acc,train_matthews_corrcoef,validation_overall_acc,validation_matthews_corrcoef,holdout_overall_acc,holdout_matthews_corrcoef,test_overall_acc,test_matthews_corrcoef,dominant_solution,mean_diffs,dataset,run,experiment,validation_loss,holdout_loss,rank,policy
1415748,1516548,16065348,30,False,0,0,31,4.8e-05,0.852941,0.404211,68,Identity(),30,0.89916,0.776885,0.852941,0.6729,0.888889,0.753942,1.0,1.0,False,0.06932333333333333,ionosphere,17,exp0090_politica_1_oracle_1m1l,,,0.726512526324009,oracle
1417729,1518529,16067329,1403,False,6,6,4,7.3e-05,0.897059,0.449446,36,ReLU(),103,0.886555,0.751022,0.897059,0.781736,0.888889,0.757466,0.970588,0.938679,False,0.02047600000000001,ionosphere,18,exp0090_politica_1_oracle_1m1l,,,0.6628175309204482,oracle
1425973,1526773,16075573,2452,False,0,0,53,4.3e-05,0.897059,0.277302,76,SELU(),352,0.932773,0.851971,0.897059,0.774559,0.924837,0.834634,1.0,1.0,False,0.05160800000000002,ionosphere,2,exp0090_politica_1_oracle_1m1l,,,0.6808096257135726,oracle
1429370,1530170,16078970,2103,False,5,5,4,8.8e-05,0.838235,0.475289,61,LeakyReLU(negative_slope=0.01),203,0.827731,0.628517,0.838235,0.649486,0.830065,0.633154,0.970588,0.938679,False,0.013979333333333344,ionosphere,5,exp0090_politica_1_oracle_1m1l,,,0.7262114438985763,oracle
1434882,1535682,16084482,438,False,4,4,39,4.9e-05,0.897059,0.313233,98,Identity(),38,0.907563,0.796026,0.897059,0.781736,0.908497,0.798966,1.0,1.0,False,0.011486666666666645,ionosphere,0,exp0090_politica_1_oracle_1m1l,,,0.7757525686829863,oracle
1441596,1542396,16091196,3304,False,1,1,5,8e-05,0.882353,0.444031,51,GELU(approximate=False),404,0.907563,0.796822,0.882353,0.738934,0.901961,0.783958,0.970588,0.938679,False,0.038592000000000036,ionosphere,13,exp0090_politica_1_oracle_1m1l,,,0.7268547510666132,oracle
1450242,1551042,16099842,1377,False,5,5,78,5.6e-05,0.897059,0.246696,99,ReLU(),177,0.983193,0.963168,0.897059,0.771855,0.964052,0.921062,1.0,1.0,False,0.12754200000000004,ionosphere,14,exp0090_politica_1_oracle_1m1l,,,0.6452746381512063,oracle
1451009,1551809,16100609,2740,False,3,3,41,4.9e-05,0.926471,0.286997,88,SELU(),340,0.932773,0.85254,0.926471,0.84314,0.931373,0.850086,1.0,1.0,False,0.006266666666666643,ionosphere,11,exp0090_politica_1_oracle_1m1l,,,0.7635299927268556,oracle
1459846,1560646,16109446,1277,False,4,4,78,5.4e-05,0.941176,0.16783,98,ReLU(),177,0.970588,0.935441,0.941176,0.870603,0.964052,0.921062,1.0,1.0,False,0.0432253333333333,ionosphere,4,exp0090_politica_1_oracle_1m1l,,,0.6432040218934267,oracle
1462529,1563329,16112129,3708,False,5,5,9,0.0001,0.941176,0.261999,93,GELU(approximate=False),408,0.94958,0.889018,0.941176,0.870603,0.947712,0.884895,0.970588,0.938679,True,0.012276666666666639,ionosphere,8,exp0090_politica_1_oracle_1m1l,,,0.9317580086153636,oracle
1472258,1573058,16121858,427,False,4,4,28,5.1e-05,0.852941,0.362843,90,Identity(),27,0.920168,0.824351,0.852941,0.6729,0.905229,0.79113,1.0,1.0,False,0.10096733333333326,ionosphere,10,exp0090_politica_1_oracle_1m1l,,,0.8114571800977729,oracle
1477101,1577901,16126701,3055,False,6,6,56,4.3e-05,0.897059,0.240271,68,SELU(),355,0.932773,0.853448,0.897059,0.774559,0.924837,0.83601,1.0,1.0,False,0.052592666666666656,ionosphere,7,exp0090_politica_1_oracle_1m1l,,,0.6479818316615248,oracle
1481218,1582018,16130818,3152,False,7,7,53,4.1e-05,0.882353,0.360258,69,SELU(),352,0.92437,0.833113,0.882353,0.738934,0.918301,0.819554,1.0,1.0,False,0.06278600000000001,ionosphere,12,exp0090_politica_1_oracle_1m1l,,,0.6626248500951516,oracle
1488814,1589614,16138414,1349,False,5,5,50,5.7e-05,0.897059,0.214604,95,ReLU(),149,0.966387,0.926165,0.897059,0.781736,0.95098,0.89253,1.0,1.0,False,0.09628600000000002,ionosphere,3,exp0090_politica_1_oracle_1m1l,,,0.7414932216512178,oracle
1489654,1590454,16139254,2631,False,2,2,32,4.7e-05,0.911765,0.278459,76,SELU(),331,0.911765,0.805991,0.911765,0.80647,0.911765,0.80609,1.0,1.0,False,0.00031933333333333813,ionosphere,15,exp0090_politica_1_oracle_1m1l,,,0.7598107299507058,oracle
1498243,1599043,16147843,2040,False,4,4,41,3.7e-05,0.955882,0.523553,7,LeakyReLU(negative_slope=0.01),240,0.920168,0.824777,0.955882,0.902963,0.934641,0.855882,1.0,1.0,False,0.05212399999999998,ionosphere,1,exp0090_politica_1_oracle_1m1l,,,0.51386670853338,oracle
1501703,1602503,16151303,3079,False,6,6,80,4e-05,0.926471,0.279896,41,SELU(),379,0.915966,0.816119,0.926471,0.84314,0.918301,0.821961,1.0,1.0,False,0.018013999999999974,ionosphere,16,exp0090_politica_1_oracle_1m1l,,,0.49524739971138154,oracle
1511412,1612212,16161012,1006,False,2,2,7,0.000104,0.823529,0.428861,97,ReLU(),106,0.89916,0.77656,0.823529,0.60386,0.882353,0.738549,0.970588,0.938679,False,0.11513333333333338,ionosphere,6,exp0090_politica_1_oracle_1m1l,,,0.8770943941103505,oracle
1513640,1614440,16163240,952,False,1,1,53,4.7e-05,0.802632,0.466453,48,ReLU(),152,0.787594,0.512005,0.802632,0.544436,0.790936,0.518748,0.828947,0.608802,False,0.02162066666666666,diabetes,17,exp0090_politica_1_oracle_1m1l,,,0.6048772154117008,oracle
1522809,1623609,16172409,1445,False,6,6,46,4.1e-05,0.809211,0.492079,21,ReLU(),145,0.763158,0.449365,0.809211,0.561598,0.773392,0.474588,0.828947,0.61127,False,0.07482200000000001,diabetes,18,exp0090_politica_1_oracle_1m1l,,,0.5242797399145537,oracle
1523248,1624048,16172848,1973,False,3,3,74,4.2e-05,0.782895,0.443038,23,LeakyReLU(negative_slope=0.01),273,0.783835,0.497999,0.782895,0.501535,0.783626,0.498665,0.828947,0.608487,False,0.0023573333333332855,diabetes,2,exp0090_politica_1_oracle_1m1l,,,0.4597621823638458,oracle
1532019,1632819,16181619,2032,False,4,4,33,5.5e-05,0.828947,0.427568,52,LeakyReLU(negative_slope=0.01),232,0.766917,0.463922,0.828947,0.608802,0.777778,0.490364,0.828947,0.608802,False,0.09658666666666664,diabetes,5,exp0090_politica_1_oracle_1m1l,,,0.6691533691168766,oracle
1537357,1638157,16186957,3951,False,7,7,52,4.4e-05,0.802632,0.480314,18,GELU(approximate=False),451,0.776316,0.484016,0.802632,0.546779,0.783626,0.500723,0.828947,0.608802,False,0.04184200000000001,diabetes,0,exp0090_politica_1_oracle_1m1l,,,0.5097242381542907,oracle
1544948,1645748,16194548,1129,False,3,3,30,4.9e-05,0.75,0.489186,32,ReLU(),129,0.793233,0.524338,0.75,0.408977,0.783626,0.498665,0.828947,0.608487,False,0.07690733333333333,diabetes,13,exp0090_politica_1_oracle_1m1l,,,0.6055889685087479,oracle
1545904,1646704,16195504,1441,False,6,6,42,4.5e-05,0.769737,0.454773,36,ReLU(),141,0.770677,0.469538,0.769737,0.47404,0.773392,0.476682,0.828947,0.608802,False,0.0047626666666666555,diabetes,14,exp0090_politica_1_oracle_1m1l,,,0.5824322206633141,oracle
1553742,1654542,16203342,3929,False,7,7,30,4.4e-05,0.789474,0.555675,10,GELU(approximate=False),429,0.75,0.449884,0.789474,0.524442,0.761696,0.471143,0.828947,0.61127,False,0.0497053333333333,diabetes,11,exp0090_politica_1_oracle_1m1l,,,0.5292985006578159,oracle
1557835,1658635,16207435,1220,False,4,4,21,5e-05,0.782895,0.486819,36,ReLU(),120,0.772556,0.477559,0.782895,0.501535,0.776316,0.485982,0.828947,0.61167,False,0.01598399999999996,diabetes,4,exp0090_politica_1_oracle_1m1l,,,0.6392608426040648,oracle
1566836,1667636,16216436,1730,False,1,1,31,5.6e-05,0.822368,0.45167,63,LeakyReLU(negative_slope=0.01),230,0.785714,0.505953,0.822368,0.593902,0.79386,0.525662,0.828947,0.608802,False,0.0586326666666667,diabetes,8,exp0090_politica_1_oracle_1m1l,,,0.7314756449898143,oracle
1571539,1672339,16221139,2120,False,5,5,21,6.2e-05,0.769737,0.474418,70,LeakyReLU(negative_slope=0.01),220,0.795113,0.527112,0.769737,0.47404,0.790936,0.518308,0.815789,0.579365,False,0.03538133333333334,diabetes,10,exp0090_politica_1_oracle_1m1l,,,0.7882035821653249,oracle
1578555,1679355,16228155,1711,False,1,1,12,6.7e-05,0.75,0.526597,83,LeakyReLU(negative_slope=0.01),211,0.798872,0.536935,0.75,0.439632,0.789474,0.516529,0.842105,0.639789,False,0.06486866666666669,diabetes,7,exp0090_politica_1_oracle_1m1l,,,0.8682323395847577,oracle
1580528,1681328,16230128,1391,False,5,5,92,4.1e-05,0.769737,0.472984,20,ReLU(),191,0.776316,0.484016,0.769737,0.463452,0.774854,0.47934,0.828947,0.608487,False,0.013709333333333351,diabetes,12,exp0090_politica_1_oracle_1m1l,,,0.4134430247539946,oracle
1588147,1688947,16237747,3632,False,4,4,33,5.1e-05,0.809211,0.435551,49,GELU(approximate=False),432,0.774436,0.479942,0.809211,0.560836,0.783626,0.500261,0.828947,0.608487,False,0.05392933333333335,diabetes,3,exp0090_politica_1_oracle_1m1l,,,0.6622841705068786,oracle
1594283,1695083,16243883,1411,False,6,6,12,6.1e-05,0.802632,0.499655,56,ReLU(),111,0.772556,0.475896,0.802632,0.548788,0.783626,0.502813,0.828947,0.61167,False,0.04859466666666671,diabetes,15,exp0090_politica_1_oracle_1m1l,,,0.7450509689440122,oracle
1597770,1698570,16247370,1726,False,1,1,27,5.4e-05,0.776316,0.47312,44,LeakyReLU(negative_slope=0.01),226,0.789474,0.51487,0.776316,0.482328,0.78655,0.507673,0.815789,0.579365,False,0.021694666666666713,diabetes,1,exp0090_politica_1_oracle_1m1l,,,0.6621929446063602,oracle
1603383,1704183,16252983,1439,False,6,6,40,4.9e-05,0.796053,0.480576,39,ReLU(),139,0.785714,0.51029,0.796053,0.528081,0.792398,0.524442,0.828947,0.61167,False,0.011860666666666667,diabetes,16,exp0090_politica_1_oracle_1m1l,,,0.6116055504093554,oracle
1610454,1711254,16260054,1784,False,1,1,85,4.3e-05,0.809211,0.467383,17,LeakyReLU(negative_slope=0.01),284,0.781955,0.495281,0.809211,0.563113,0.788012,0.510931,0.828947,0.608802,False,0.0452213333333333,diabetes,6,exp0090_politica_1_oracle_1m1l,,,0.439178283180045,oracle
1614904,1715704,16264504,2792,False,3,3,93,3.6e-05,0.845588,0.448495,2,SELU(),392,0.85084,0.69659,0.845588,0.686368,0.856209,0.707576,0.941176,0.885509,False,0.01413866666666667,Australian,17,exp0090_politica_1_oracle_1m1l,,,0.38534629797013026,oracle
1620119,1720919,16269719,1533,False,7,7,34,4.5e-05,0.867647,0.368159,21,ReLU(),133,0.852941,0.701142,0.867647,0.733144,0.857843,0.711352,0.926471,0.858157,False,0.02133466666666665,Australian,18,exp0090_politica_1_oracle_1m1l,,,0.5547320759700891,oracle
1625809,1726609,16275409,2104,False,5,5,5,0.00012,0.875,0.379209,63,LeakyReLU(negative_slope=0.01),204,0.865546,0.727016,0.875,0.747526,0.867647,0.731501,0.926471,0.858157,False,0.013673333333333352,Australian,2,exp0090_politica_1_oracle_1m1l,,,0.7861730354383636,oracle
1631784,1732584,16281384,1315,False,5,5,16,6.4e-05,0.860294,0.381083,41,ReLU(),115,0.871849,0.739843,0.860294,0.716188,0.869281,0.734588,0.926471,0.852785,False,0.01576999999999999,Australian,5,exp0090_politica_1_oracle_1m1l,,,0.6759110364169971,oracle
1636117,1736917,16285717,2213,False,6,6,14,4.5e-05,0.845588,0.537858,14,LeakyReLU(negative_slope=0.01),213,0.840336,0.675418,0.845588,0.690406,0.843137,0.681564,0.926471,0.852785,False,0.009992000000000001,Australian,0,exp0090_politica_1_oracle_1m1l,,,0.5741053917606787,oracle
1642328,1743128,16291928,334,False,3,3,35,3.7e-05,0.867647,0.414672,9,Identity(),34,0.861345,0.718046,0.867647,0.731721,0.861111,0.717599,0.926471,0.852785,False,0.009414666666666646,Australian,13,exp0090_politica_1_oracle_1m1l,,,0.5264466738436971,oracle
1648444,1749244,16298044,3600,False,4,4,1,0.000344,0.852941,0.443576,99,GELU(approximate=False),400,0.865546,0.726832,0.852941,0.701455,0.862745,0.721182,0.911765,0.831209,False,0.01691799999999999,Australian,14,exp0090_politica_1_oracle_1m1l,,,0.9186011522430758,oracle
1655057,1755857,16304657,3292,False,0,0,93,3.8e-05,0.867647,0.413668,9,GELU(approximate=False),492,0.84874,0.692315,0.867647,0.733144,0.861111,0.718069,0.926471,0.852785,False,0.027219333333333335,Australian,11,exp0090_politica_1_oracle_1m1l,,,0.3966744380912093,oracle
1658491,1759291,16308091,2205,False,6,6,6,9e-05,0.867647,0.407083,43,LeakyReLU(negative_slope=0.01),205,0.863445,0.722813,0.867647,0.730961,0.866013,0.727755,0.926471,0.858157,False,0.005431999999999955,Australian,4,exp0090_politica_1_oracle_1m1l,,,0.6984584467508888,oracle
1664931,1765731,16314531,4043,False,0,0,44,5.1e-05,0.860294,0.422561,25,Sigmoid(),543,0.852941,0.702671,0.860294,0.715892,0.854575,0.705284,0.926471,0.852785,False,0.008813999999999952,Australian,8,exp0090_politica_1_oracle_1m1l,,,0.5427878954972688,oracle
1673475,1774275,16323075,1907,False,3,3,8,7.6e-05,0.911765,0.338483,50,LeakyReLU(negative_slope=0.01),207,0.861345,0.718039,0.911765,0.82079,0.872549,0.740897,0.926471,0.852785,False,0.0685006666666667,Australian,10,exp0090_politica_1_oracle_1m1l,,,0.7323209008163107,oracle
1677917,1778717,16327517,4310,False,3,3,11,0.000118,0.882353,0.364086,62,Sigmoid(),510,0.863445,0.723074,0.882353,0.760904,0.867647,0.731316,0.926471,0.852785,False,0.02522000000000002,Australian,7,exp0090_politica_1_oracle_1m1l,,,0.772182595265706,oracle
1681708,1782508,16331308,2126,False,5,5,27,4.8e-05,0.875,0.38043,28,LeakyReLU(negative_slope=0.01),226,0.865546,0.726832,0.875,0.746129,0.867647,0.730964,0.926471,0.858157,False,0.012864666666666672,Australian,12,exp0090_politica_1_oracle_1m1l,,,0.6022633659898674,oracle
1686190,1786990,16335790,4103,False,1,1,4,0.000207,0.845588,0.430593,98,Sigmoid(),503,0.842437,0.681112,0.845588,0.688247,0.843137,0.682687,0.911765,0.831209,False,0.004756666666666669,Australian,3,exp0090_politica_1_oracle_1m1l,,,0.8885416888639004,oracle
1693125,1793925,16342725,2311,False,7,7,12,7e-05,0.875,0.343731,49,LeakyReLU(negative_slope=0.01),211,0.865546,0.72663,0.875,0.746129,0.867647,0.730897,0.941176,0.88145,False,0.012999333333333363,Australian,15,exp0090_politica_1_oracle_1m1l,,,0.7166940033358659,oracle
1699622,1800422,16349222,1715,False,1,1,16,4.9e-05,0.852941,0.419671,16,LeakyReLU(negative_slope=0.01),215,0.867647,0.732055,0.852941,0.701018,0.864379,0.724785,0.926471,0.852785,False,0.020691333333333322,Australian,1,exp0090_politica_1_oracle_1m1l,,,0.5882673702082347,oracle
1703739,1804539,16353339,2712,False,3,3,13,4.6e-05,0.852941,0.431574,17,SELU(),312,0.859244,0.717472,0.852941,0.703108,0.861111,0.720406,0.941176,0.88145,False,0.011532000000000023,Australian,16,exp0090_politica_1_oracle_1m1l,,,0.5939239985963624,oracle
1712622,1813422,16362222,3204,False,0,0,5,8.5e-05,0.882353,0.420795,37,GELU(approximate=False),404,0.855042,0.705206,0.882353,0.761987,0.859477,0.714223,0.926471,0.858157,False,0.03785399999999998,Australian,6,exp0090_politica_1_oracle_1m1l,,,0.6757573452497078,oracle
1714421,1815221,16364021,898,False,0,0,99,0.000104,0.964912,0.139947,76,ReLU(),198,0.957393,0.905277,0.964912,0.921465,0.959064,0.908846,0.976608,0.94737,False,0.010791999999999987,car(3),17,exp0090_politica_1_oracle_1m1l,,,0.5491503734399454,oracle
1724080,1824880,16373680,3680,False,4,4,81,0.000135,0.97076,0.121896,98,GELU(approximate=False),480,0.946533,0.881378,0.97076,0.934671,0.953216,0.896057,0.97076,0.934567,False,0.03552866666666669,car(3),18,exp0090_politica_1_oracle_1m1l,,,0.6332539915711713,oracle
1725776,1826576,16375376,3942,False,7,7,43,0.000176,0.950292,0.167951,93,GELU(approximate=False),442,0.946533,0.880184,0.950292,0.889042,0.948668,0.885099,0.97076,0.934567,False,0.005905333333333355,car(3),2,exp0090_politica_1_oracle_1m1l,,,0.7713870150783355,oracle
1734712,1835512,16384312,3377,False,1,1,78,0.000127,0.926901,0.190212,82,GELU(approximate=False),477,0.946533,0.880935,0.926901,0.83648,0.94217,0.870883,0.964912,0.921606,False,0.029636666666666683,car(3),5,exp0090_politica_1_oracle_1m1l,,,0.6161456263265989,oracle
1740621,1841421,16390221,3383,False,1,1,84,6.3e-05,0.821637,0.378722,17,GELU(approximate=False),483,0.848789,0.636072,0.821637,0.56068,0.843405,0.62123,0.877193,0.708103,False,0.050261333333333345,car(3),0,exp0090_politica_1_oracle_1m1l,,,0.6174237251171144,oracle
1741986,1842786,16391586,1880,False,2,2,81,0.00012,0.953216,0.15095,89,LeakyReLU(negative_slope=0.01),280,0.954052,0.89689,0.953216,0.895218,0.955166,0.899456,0.976608,0.94737,False,0.002825333333333383,car(3),13,exp0090_politica_1_oracle_1m1l,,,0.6215357179733755,oracle
1748405,1849205,16398005,1078,False,2,2,79,8.6e-05,0.921053,0.219475,48,ReLU(),178,0.923977,0.827316,0.921053,0.818485,0.924626,0.828138,0.959064,0.907195,False,0.0064353333333333484,car(3),14,exp0090_politica_1_oracle_1m1l,,,0.6356383097553844,oracle
1755569,1856369,16405169,3581,False,3,3,82,9.3e-05,0.923977,0.221853,44,GELU(approximate=False),481,0.915622,0.806894,0.923977,0.824948,0.918778,0.81389,0.953216,0.89385,False,0.01203600000000001,car(3),11,exp0090_politica_1_oracle_1m1l,,,0.6289942950739531,oracle
1761377,1862177,16410977,1885,False,2,2,86,9.8e-05,0.953216,0.170324,64,LeakyReLU(negative_slope=0.01),285,0.939014,0.862403,0.953216,0.89718,0.94412,0.874632,0.976608,0.94737,False,0.02318466666666663,car(3),4,exp0090_politica_1_oracle_1m1l,,,0.5527191534494852,oracle
1766852,1867652,16416452,3467,False,2,2,68,0.000143,0.953216,0.147715,95,GELU(approximate=False),467,0.940685,0.867607,0.953216,0.897656,0.94412,0.875794,0.97076,0.934567,False,0.02003266666666666,car(3),8,exp0090_politica_1_oracle_1m1l,,,0.6741117907626952,oracle
1771915,1872715,16421515,3489,False,2,2,90,0.00013,0.959064,0.12327,96,GELU(approximate=False),489,0.949039,0.886882,0.959064,0.909147,0.951917,0.892875,0.97076,0.934567,False,0.014843333333333394,car(3),10,exp0090_politica_1_oracle_1m1l,,,0.604163211330363,oracle
1779309,1880109,16428909,3793,False,5,5,94,0.000127,0.938596,0.164935,95,GELU(approximate=False),493,0.957393,0.905184,0.938596,0.865292,0.953866,0.897653,0.964912,0.922105,False,0.026594666666666694,car(3),7,exp0090_politica_1_oracle_1m1l,,,0.5923130852587031,oracle
1781219,1882019,16430819,2050,False,4,4,51,0.000152,0.947368,0.17508,95,LeakyReLU(negative_slope=0.01),250,0.946533,0.880168,0.947368,0.881882,0.948668,0.885018,0.97076,0.934567,False,0.003233333333333347,car(3),12,exp0090_politica_1_oracle_1m1l,,,0.7394762992371806,oracle
1788096,1888896,16437696,3761,False,5,5,62,0.000144,0.938596,0.175811,90,GELU(approximate=False),461,0.945698,0.87855,0.938596,0.860908,0.945419,0.87743,0.97076,0.934567,False,0.011761333333333365,car(3),3,exp0090_politica_1_oracle_1m1l,,,0.6996637168956825,oracle
1793549,1894349,16443149,3369,False,1,1,70,0.000139,0.947368,0.161388,94,GELU(approximate=False),469,0.943191,0.872579,0.947368,0.882978,0.944769,0.876214,0.97076,0.934567,False,0.006932666666666698,car(3),15,exp0090_politica_1_oracle_1m1l,,,0.6635414838452077,oracle
1801019,1901819,16450619,2399,False,7,7,100,0.000114,0.944444,0.132907,94,LeakyReLU(negative_slope=0.01),299,0.962406,0.916622,0.944444,0.873815,0.957765,0.905682,0.97076,0.934567,False,0.028538000000000025,car(3),1,exp0090_politica_1_oracle_1m1l,,,0.5765001522182822,oracle
1804457,1905257,16454057,1173,False,3,3,74,0.000133,0.947368,0.162893,98,ReLU(),173,0.953216,0.895816,0.947368,0.882785,0.952567,0.894397,0.97076,0.934567,False,0.00868733333333327,car(3),16,exp0090_politica_1_oracle_1m1l,,,0.6554899093493682,oracle
1813145,1913945,16462745,3789,False,5,5,90,0.00013,0.973684,0.122977,92,GELU(approximate=False),489,0.949039,0.886604,0.973684,0.940925,0.953866,0.896974,0.976608,0.94737,False,0.036214000000000045,car(3),6,exp0090_politica_1_oracle_1m1l,,,0.5984315751709933,oracle
1816967,1917767,16466567,5544,False,7,7,45,3.8e-05,0.79,0.492808,11,Tanh(),644,0.771429,0.435093,0.79,0.486611,0.784444,0.466948,0.78,0.449636,False,0.03434533333333334,credit-g,17,exp0090_politica_1_oracle_1m1l,,,0.4668675652073922,oracle
1824359,1925159,16473959,433,False,4,4,34,3.9e-05,0.8,0.517174,10,Identity(),33,0.768571,0.436006,0.8,0.507444,0.778889,0.457336,0.79,0.47187,False,0.04762533333333333,credit-g,18,exp0090_politica_1_oracle_1m1l,,,0.5006204103782024,oracle
1830981,1931781,16480581,721,False,7,7,22,4.6e-05,0.715,0.561211,19,Identity(),21,0.787143,0.487149,0.715,0.311799,0.772222,0.44929,0.78,0.449636,False,0.1169,credit-g,2,exp0090_politica_1_oracle_1m1l,,,0.5427261049544995,oracle
1835102,1935902,16484702,3011,False,6,6,12,4.6e-05,0.74,0.549055,24,SELU(),311,0.781429,0.489098,0.74,0.405379,0.773333,0.472137,0.78,0.466569,False,0.055812666666666656,credit-g,5,exp0090_politica_1_oracle_1m1l,,,0.5919570666504717,oracle
1841714,1942514,16491314,3816,False,6,6,17,6.8e-05,0.76,0.51404,78,GELU(approximate=False),416,0.807143,0.517798,0.76,0.389819,0.796667,0.489809,0.79,0.466108,False,0.0853193333333333,credit-g,0,exp0090_politica_1_oracle_1m1l,,,0.7957247974020544,oracle
1847260,1948060,16496860,1892,False,2,2,93,4.6e-05,0.775,0.485648,53,LeakyReLU(negative_slope=0.01),292,0.827143,0.571004,0.775,0.434893,0.817778,0.546148,0.79,0.461689,False,0.09074066666666665,credit-g,13,exp0090_politica_1_oracle_1m1l,,,0.4954553528913213,oracle
1853574,1954374,16503174,1373,False,5,5,74,5.4e-05,0.785,0.519342,93,ReLU(),173,0.861429,0.660005,0.785,0.451353,0.843333,0.612729,0.8,0.495176,False,0.1391013333333333,credit-g,14,exp0090_politica_1_oracle_1m1l,,,0.643518205166467,oracle
1855234,1956034,16504834,3496,False,2,2,97,3.7e-05,0.755,0.560759,3,GELU(approximate=False),496,0.744286,0.312386,0.755,0.348026,0.75,0.331415,0.79,0.467276,False,0.023760000000000003,credit-g,11,exp0090_politica_1_oracle_1m1l,,,0.31172222679301426,oracle
1863703,1964503,16513303,572,False,5,5,73,3.8e-05,0.795,0.513548,5,Identity(),72,0.761429,0.435873,0.795,0.505163,0.77,0.449508,0.79,0.486611,False,0.04619333333333334,credit-g,4,exp0090_politica_1_oracle_1m1l,,,0.4001499673847366,oracle
1867069,1967869,16516669,1466,False,6,6,67,4.3e-05,0.81,0.456795,30,ReLU(),166,0.795714,0.481415,0.81,0.523724,0.8,0.494119,0.79,0.461689,False,0.02820599999999999,credit-g,8,exp0090_politica_1_oracle_1m1l,,,0.47584541685587417,oracle
1874156,1974956,16523756,1357,False,5,5,58,4.5e-05,0.78,0.497612,49,ReLU(),157,0.808571,0.523432,0.78,0.449636,0.802222,0.507082,0.79,0.461689,False,0.04919733333333335,credit-g,10,exp0090_politica_1_oracle_1m1l,,,0.564205041568333,oracle
1879411,1980211,16529011,3059,False,6,6,60,3.8e-05,0.78,0.501297,6,SELU(),359,0.757143,0.40659,0.78,0.453557,0.762222,0.414542,0.79,0.486611,False,0.03131133333333332,credit-g,7,exp0090_politica_1_oracle_1m1l,,,0.4020082216923838,oracle
1886410,1987210,16536010,1019,False,2,2,20,7.3e-05,0.785,0.487839,77,ReLU(),119,0.815714,0.543549,0.785,0.457253,0.808889,0.524696,0.79,0.466108,False,0.05753066666666662,credit-g,12,exp0090_politica_1_oracle_1m1l,,,0.785587922439234,oracle
1888325,1989125,16537925,1401,False,6,6,2,0.0002,0.755,0.495269,52,ReLU(),101,0.762857,0.377551,0.755,0.358942,0.763333,0.380317,0.81,0.517031,False,0.014250000000000021,credit-g,3,exp0090_politica_1_oracle_1m1l,,,0.6751499188889699,oracle
1894189,1994989,16543789,2952,False,5,5,53,3.7e-05,0.79,0.492028,9,SELU(),352,0.78,0.456491,0.79,0.486611,0.782222,0.4623,0.79,0.47187,False,0.020080000000000025,credit-g,15,exp0090_politica_1_oracle_1m1l,,,0.4519260341332771,oracle
1902703,2003503,16552303,3953,False,7,7,54,4.6e-05,0.825,0.444199,42,GELU(approximate=False),453,0.788571,0.466806,0.825,0.56356,0.798889,0.494296,0.79,0.466108,False,0.06450266666666664,credit-g,1,exp0090_politica_1_oracle_1m1l,,,0.542890920782267,oracle
1906333,2007133,16555933,1850,False,2,2,51,4.4e-05,0.79,0.47913,32,LeakyReLU(negative_slope=0.01),250,0.804286,0.506143,0.79,0.475183,0.801111,0.498924,0.79,0.466108,False,0.02063999999999999,credit-g,16,exp0090_politica_1_oracle_1m1l,,,0.5148850954742776,oracle
1914254,2015054,16563854,969,False,1,1,70,4.4e-05,0.745,0.527489,41,ReLU(),169,0.815714,0.540522,0.745,0.357693,0.802222,0.507082,0.79,0.461689,False,0.12188599999999998,credit-g,6,exp0090_politica_1_oracle_1m1l,,,0.4979687881982358,oracle
1917872,2018672,16567472,2405,False,0,0,6,5e-05,0.962264,0.336896,36,SELU(),305,0.951482,0.641054,0.962264,0.70277,0.953878,0.653043,1.0,1.0,False,0.04114399999999999,climate-model-simulation-crashes(4),17,exp0090_politica_1_oracle_1m1l,,,0.6333126312696952,oracle
1924072,2024872,16573672,3112,False,7,7,13,4.3e-05,0.971698,0.38085,33,SELU(),312,0.956873,0.733681,0.971698,0.786871,0.964361,0.754738,1.0,1.0,False,0.03545999999999997,climate-model-simulation-crashes(4),18,exp0090_politica_1_oracle_1m1l,,,0.6329998325637425,oracle
1926955,2027755,16576555,3620,False,4,4,21,9.5e-05,0.981132,0.119752,98,GELU(approximate=False),420,0.983827,0.878753,0.981132,0.857321,0.983229,0.874025,1.0,1.0,True,0.014288000000000004,climate-model-simulation-crashes(4),2,exp0090_politica_1_oracle_1m1l,,,0.8749131055611153,oracle
1935440,2036240,16585040,3312,False,1,1,13,0.000112,0.962264,0.140252,99,GELU(approximate=False),412,0.946092,0.524543,0.962264,0.70277,0.949686,0.568156,1.0,1.0,False,0.11881800000000002,climate-model-simulation-crashes(4),5,exp0090_politica_1_oracle_1m1l,,,0.7801119552053872,oracle
1939246,2040046,16588846,3412,False,2,2,13,8.6e-05,0.971698,0.196586,90,GELU(approximate=False),412,0.96496,0.718437,0.971698,0.77874,0.966457,0.732192,1.0,1.0,False,0.040201999999999995,climate-model-simulation-crashes(4),0,exp0090_politica_1_oracle_1m1l,,,0.8416320343748732,oracle
1948267,2049067,16597867,3765,False,5,5,66,6.7e-05,0.95283,0.133207,72,GELU(approximate=False),465,0.994609,0.960827,0.95283,0.643063,0.985325,0.891637,1.0,1.0,False,0.21184266666666662,climate-model-simulation-crashes(4),13,exp0090_politica_1_oracle_1m1l,,,0.6337678481418426,oracle
1954046,2054846,16603646,3665,False,4,4,66,7.3e-05,0.95283,0.100306,98,GELU(approximate=False),465,0.994609,0.960827,0.95283,0.597324,0.985325,0.890488,1.0,1.0,False,0.24233533333333335,climate-model-simulation-crashes(4),14,exp0090_politica_1_oracle_1m1l,,,0.6786121190129163,oracle
1956299,2057099,16605899,102,False,1,1,3,0.000117,0.971698,0.338375,94,Identity(),2,0.962264,0.720997,0.971698,0.786871,0.964361,0.735261,1.0,1.0,True,0.04391599999999999,climate-model-simulation-crashes(4),11,exp0090_politica_1_oracle_1m1l,,,0.8689531532524593,oracle
1962280,2063080,16611880,2626,False,2,2,27,4e-05,0.95283,0.333134,26,SELU(),326,0.96496,0.720573,0.95283,0.597324,0.960168,0.673723,0.981132,0.885253,False,0.08216600000000003,climate-model-simulation-crashes(4),4,exp0090_politica_1_oracle_1m1l,,,0.5641641134539088,oracle
1969366,2070166,16618966,3236,False,0,0,37,8.4e-05,0.962264,0.113704,90,GELU(approximate=False),436,0.983827,0.878753,0.962264,0.693103,0.979036,0.840362,1.0,1.0,False,0.12376666666666665,climate-model-simulation-crashes(4),8,exp0090_politica_1_oracle_1m1l,,,0.7809983777635578,oracle
1972192,2072992,16621792,304,False,3,3,5,6.7e-05,0.943396,0.387005,68,Identity(),4,0.943396,0.680398,0.943396,0.640887,0.947589,0.687567,1.0,1.0,False,0.031120000000000037,climate-model-simulation-crashes(4),10,exp0090_politica_1_oracle_1m1l,,,0.7743086951738946,oracle
1978328,2079128,16627928,2411,False,0,0,12,4.7e-05,0.962264,0.368084,34,SELU(),311,0.956873,0.671566,0.962264,0.729592,0.958071,0.677884,1.0,1.0,False,0.03868400000000002,climate-model-simulation-crashes(4),7,exp0090_politica_1_oracle_1m1l,,,0.6238930950600134,oracle
1987796,2088596,16637396,704,False,7,7,5,6.5e-05,0.971698,0.428844,56,Identity(),4,0.921833,0.565966,0.971698,0.839648,0.937107,0.638559,1.0,1.0,False,0.18245466666666665,climate-model-simulation-crashes(4),12,exp0090_politica_1_oracle_1m1l,,,0.710756345809323,oracle
1991705,2092505,16641305,3215,False,0,0,16,0.00012,0.962264,0.13203,97,GELU(approximate=False),415,0.978437,0.835467,0.962264,0.70277,0.974843,0.805402,1.0,1.0,False,0.08846466666666664,climate-model-simulation-crashes(4),3,exp0090_politica_1_oracle_1m1l,,,0.8691210792632541,oracle
1995176,2095976,16644776,3816,False,6,6,17,9.4e-05,0.981132,0.125202,88,GELU(approximate=False),416,0.975741,0.813155,0.981132,0.857321,0.979036,0.840362,1.0,1.0,False,0.029444000000000026,climate-model-simulation-crashes(4),15,exp0090_politica_1_oracle_1m1l,,,0.8610538993246628,oracle
2004164,2104964,16653764,3318,False,1,1,19,9.9e-05,0.943396,0.14025,83,GELU(approximate=False),418,0.973046,0.790345,0.943396,0.505683,0.966457,0.731777,1.0,1.0,False,0.18977466666666665,climate-model-simulation-crashes(4),1,exp0090_politica_1_oracle_1m1l,,,0.8053454001026499,oracle
2006668,2107468,16656268,539,False,5,5,40,4.1e-05,0.962264,0.374862,17,Identity(),39,0.967655,0.754534,0.962264,0.76307,0.968553,0.771838,1.0,1.0,False,0.01153599999999999,climate-model-simulation-crashes(4),16,exp0090_politica_1_oracle_1m1l,,,0.5192448300209245,oracle
2014270,2115070,16663870,5214,False,4,4,15,4.2e-05,0.981132,0.437375,27,Tanh(),614,0.962264,0.720997,0.981132,0.857321,0.97065,0.775958,1.0,1.0,False,0.09088266666666667,climate-model-simulation-crashes(4),6,exp0090_politica_1_oracle_1m1l,,,0.6108866511471286,oracle
2017943,2118743,16667543,2875,False,4,4,76,3.8e-05,0.72807,0.567903,3,SELU(),375,0.711779,0.116171,0.72807,0.218846,0.721248,0.162513,0.789474,0.439768,False,0.06845000000000001,ilpd,17,exp0090_politica_1_oracle_1m1l,,,0.44173406433108175,oracle
2025744,2126544,16675344,282,False,2,2,83,3.7e-05,0.719298,0.604926,1,Identity(),82,0.54386,0.169063,0.719298,0.479555,0.610136,0.275101,0.719298,0.446955,False,0.20699466666666666,ilpd,18,exp0090_politica_1_oracle_1m1l,,,0.5218862140558229,oracle
2030681,2131481,16680281,2993,False,5,5,94,3.9e-05,0.736842,0.577164,2,SELU(),393,0.679198,0.290968,0.736842,0.373558,0.701754,0.309994,0.789474,0.522437,False,0.05506,ilpd,2,exp0090_politica_1_oracle_1m1l,,,0.40021907600255574,oracle
2036509,2137309,16686109,290,False,2,2,91,3.8e-05,0.763158,0.53364,9,Identity(),90,0.686717,0.095637,0.763158,0.328636,0.699805,0.118616,0.807018,0.480001,False,0.15533266666666665,ilpd,5,exp0090_politica_1_oracle_1m1l,,,0.43546606997860376,oracle
2041162,2141962,16690762,60,False,0,0,61,3.6e-05,0.72807,0.556477,4,Identity(),60,0.689223,0.226205,0.72807,0.30748,0.699805,0.240819,0.807018,0.497909,False,0.054183333333333326,ilpd,0,exp0090_politica_1_oracle_1m1l,,,0.5083412769234016,oracle
2046667,2147467,16696267,378,False,3,3,79,3.7e-05,0.719298,0.568352,0,Identity(),78,0.656642,0.277248,0.719298,0.345098,0.693957,0.311045,0.77193,0.469334,False,0.04523333333333335,ilpd,13,exp0090_politica_1_oracle_1m1l,,,0.43385794402347583,oracle
2052829,2153629,16702429,3579,False,3,3,80,3.7e-05,0.754386,0.587478,3,GELU(approximate=False),479,0.706767,0.082922,0.754386,0.305257,0.7154,0.081894,0.807018,0.480001,False,0.14890866666666666,ilpd,14,exp0090_politica_1_oracle_1m1l,,,0.424856077931965,oracle
2057669,2158469,16707269,4823,False,0,0,24,3.6e-05,0.745614,0.568384,4,Tanh(),623,0.714286,0.128976,0.745614,0.246805,0.725146,0.164544,0.807018,0.480001,False,0.07855266666666666,ilpd,11,exp0090_politica_1_oracle_1m1l,,,0.7293680875461936,oracle
2062359,2163159,16711959,260,False,2,2,61,3.8e-05,0.719298,0.61538,2,Identity(),60,0.691729,0.00935,0.719298,0.151336,0.711501,0.090005,0.807018,0.480001,False,0.09465733333333333,ilpd,4,exp0090_politica_1_oracle_1m1l,,,0.5086341277677126,oracle
2069081,2169881,16718681,4990,False,1,1,91,3.5e-05,0.736842,0.63206,0,Tanh(),690,0.62406,0.13676,0.736842,0.348323,0.682261,0.241255,0.754386,0.391768,False,0.141042,ilpd,8,exp0090_politica_1_oracle_1m1l,,,0.4244220306614914,oracle
2075805,2176605,16725405,3095,False,6,6,96,3.9e-05,0.745614,0.553487,3,SELU(),395,0.661654,0.320491,0.745614,0.40085,0.676413,0.299043,0.789474,0.522437,False,0.06787133333333333,ilpd,10,exp0090_politica_1_oracle_1m1l,,,0.453205431084693,oracle
2081628,2182428,16731228,5596,False,7,7,97,3.7e-05,0.763158,0.61294,0,Tanh(),696,0.636591,0.121767,0.763158,0.397128,0.684211,0.217988,0.807018,0.531523,False,0.183574,ilpd,7,exp0090_politica_1_oracle_1m1l,,,0.34392811502310744,oracle
2086106,2186906,16735706,2583,False,1,1,84,3.6e-05,0.745614,0.573336,2,SELU(),383,0.679198,0.151989,0.745614,0.318326,0.717349,0.227081,0.789474,0.430425,False,0.11089133333333333,ilpd,12,exp0090_politica_1_oracle_1m1l,,,0.5382018643799208,oracle
2090166,2190966,16739766,2930,False,5,5,31,3.9e-05,0.719298,0.578632,5,SELU(),330,0.709273,0.368176,0.719298,0.33156,0.711501,0.350031,0.807018,0.575098,False,0.024410666666666653,ilpd,3,exp0090_politica_1_oracle_1m1l,,,0.6251090539446044,oracle
2096841,2197641,16746441,555,False,5,5,56,3.9e-05,0.72807,0.573664,8,Identity(),55,0.701754,0.117777,0.72807,0.205802,0.7154,0.177986,0.807018,0.480001,False,0.05868333333333334,ilpd,15,exp0090_politica_1_oracle_1m1l,,,0.5389061032120106,oracle
2100905,2201705,16750505,5154,False,3,3,55,3.6e-05,0.719298,0.621405,0,Tanh(),654,0.696742,0.06261,0.719298,0.167397,0.711501,0.146849,0.77193,0.371939,False,0.06985799999999999,ilpd,1,exp0090_politica_1_oracle_1m1l,,,0.40075165273832647,oracle
2109365,2210165,16758965,1335,False,5,5,36,3.8e-05,0.72807,0.591577,2,ReLU(),135,0.666667,0.19015,0.72807,0.3202,0.688109,0.221087,0.789474,0.49955,False,0.08669999999999999,ilpd,16,exp0090_politica_1_oracle_1m1l,,,0.52013280680785,oracle
2112000,2212800,16761600,284,False,2,2,85,4e-05,0.719298,0.551348,1,Identity(),84,0.714286,0.123576,0.719298,0.211329,0.719298,0.177617,0.824561,0.53441,False,0.05850199999999999,ilpd,6,exp0090_politica_1_oracle_1m1l,,,0.37652654669895713,oracle
2119325,2220125,16768925,959,False,1,1,60,8.4e-05,0.925,0.205037,88,ReLU(),159,0.935714,0.885353,0.925,0.865642,0.933333,0.880947,0.95,0.912428,False,0.013140666666666615,balance-scale,17,exp0090_politica_1_oracle_1m1l,,,0.6955607193087681,oracle
2123979,2224779,16773579,1464,False,6,6,65,6.9e-05,0.925,0.21912,86,ReLU(),164,0.935714,0.885247,0.925,0.866289,0.933333,0.88103,0.95,0.912428,False,0.012638666666666687,balance-scale,18,exp0090_politica_1_oracle_1m1l,,,0.673410050377892,oracle
2128464,2229264,16778064,1975,False,3,3,76,7.4e-05,0.933333,0.211734,91,LeakyReLU(negative_slope=0.01),275,0.930952,0.877236,0.933333,0.881026,0.931481,0.877975,0.95,0.912428,False,0.00252666666666664,balance-scale,2,exp0090_politica_1_oracle_1m1l,,,0.6411290367016362,oracle
2137740,2238540,16787340,958,False,1,1,59,8e-05,0.941667,0.222578,94,ReLU(),158,0.92619,0.868222,0.941667,0.895944,0.931481,0.877635,0.95,0.912428,False,0.018481333333333277,balance-scale,5,exp0090_politica_1_oracle_1m1l,,,0.7073367009007187,oracle
2140341,2241141,16789941,1330,False,5,5,31,9.8e-05,0.933333,0.256225,99,ReLU(),130,0.928571,0.872374,0.933333,0.88175,0.92963,0.874427,0.95,0.912428,True,0.0062506666666667,balance-scale,0,exp0090_politica_1_oracle_1m1l,,,0.8367495406351239,oracle
2150088,2250888,16799688,1496,False,6,6,97,7.2e-05,0.916667,0.210649,97,ReLU(),196,0.945238,0.902692,0.916667,0.850017,0.938889,0.890999,0.966667,0.941267,False,0.035116666666666685,balance-scale,13,exp0090_politica_1_oracle_1m1l,,,0.5895266081150126,oracle
2150774,2251574,16800374,1174,False,3,3,75,7e-05,0.933333,0.193192,91,ReLU(),174,0.935714,0.884969,0.933333,0.88175,0.935185,0.884169,0.95,0.912428,False,0.0021459999999999813,balance-scale,14,exp0090_politica_1_oracle_1m1l,,,0.6457977918217204,oracle
2160605,2261405,16810205,1676,False,0,0,77,7.1e-05,0.925,0.190177,99,LeakyReLU(negative_slope=0.01),276,0.942857,0.898601,0.925,0.865405,0.938889,0.891142,0.95,0.912428,True,0.02213066666666667,balance-scale,11,exp0090_politica_1_oracle_1m1l,,,0.6504647566428273,oracle
2166974,2267774,16816574,1869,False,2,2,70,7.2e-05,0.908333,0.235589,90,LeakyReLU(negative_slope=0.01),269,0.940476,0.894269,0.908333,0.835534,0.933333,0.880947,0.95,0.912428,False,0.03915666666666665,balance-scale,4,exp0090_politica_1_oracle_1m1l,,,0.6607952319487017,oracle
2169191,2269991,16818791,1789,False,1,1,90,7.1e-05,0.933333,0.202521,90,LeakyReLU(negative_slope=0.01),289,0.940476,0.893964,0.933333,0.881267,0.938889,0.891142,0.966667,0.940775,False,0.00846466666666664,balance-scale,8,exp0090_politica_1_oracle_1m1l,,,0.5986344105375673,oracle
2173298,2274098,16822898,1377,False,5,5,78,7e-05,0.941667,0.208021,88,ReLU(),177,0.935714,0.885129,0.941667,0.896892,0.937037,0.887693,0.95,0.912428,False,0.00784199999999998,balance-scale,10,exp0090_politica_1_oracle_1m1l,,,0.6318472146211886,oracle
2180102,2280902,16829702,968,False,1,1,69,7.2e-05,0.941667,0.202408,94,ReLU(),168,0.935714,0.885188,0.941667,0.896647,0.937037,0.887693,0.95,0.912428,True,0.007639333333333331,balance-scale,7,exp0090_politica_1_oracle_1m1l,,,0.6713648209398174,oracle
2184965,2285765,16834565,2296,False,6,6,97,6.7e-05,0.933333,0.152189,99,LeakyReLU(negative_slope=0.01),296,0.938095,0.889407,0.933333,0.881267,0.938889,0.890857,0.966667,0.940775,False,0.006393333333333325,balance-scale,12,exp0090_politica_1_oracle_1m1l,,,0.5923719774765962,oracle
2192174,2292974,16841774,1488,False,6,6,89,7.2e-05,0.941667,0.186835,99,ReLU(),188,0.935714,0.885501,0.941667,0.89691,0.937037,0.887962,0.95,0.912428,False,0.007606000000000002,balance-scale,3,exp0090_politica_1_oracle_1m1l,,,0.6135668132861892,oracle
2196500,2297300,16846100,897,False,0,0,98,6.6e-05,0.941667,0.164662,94,ReLU(),197,0.935714,0.885149,0.941667,0.896647,0.937037,0.887675,0.966667,0.941267,False,0.007665333333333339,balance-scale,15,exp0090_politica_1_oracle_1m1l,,,0.5833627595789792,oracle
2204809,2305609,16854409,1494,False,6,6,95,7.4e-05,0.925,0.196539,96,ReLU(),194,0.947619,0.906699,0.925,0.865642,0.942593,0.897583,0.966667,0.941267,True,0.02737133333333334,balance-scale,1,exp0090_politica_1_oracle_1m1l,,,0.5946737590340273,oracle
2209612,2310412,16859212,1582,False,7,7,83,7.2e-05,0.925,0.195646,97,ReLU(),182,0.938095,0.889577,0.925,0.86665,0.937037,0.887723,0.966667,0.941267,False,0.015284666666666613,balance-scale,16,exp0090_politica_1_oracle_1m1l,,,0.6291270127858845,oracle
2216710,2317510,16866310,1397,False,5,5,98,6.9e-05,0.925,0.212855,98,ReLU(),197,0.945238,0.902528,0.925,0.865405,0.940741,0.894277,0.966667,0.940775,True,0.02474866666666668,balance-scale,6,exp0090_politica_1_oracle_1m1l,,,0.5886551383968365,oracle
2613985,2815585,17364385,1560,False,7,7,61,0.000101,0.85,0.598083,86,ReLU(),160,0.933333,0.928752,0.85,0.841795,0.914815,0.908904,0.833333,0.826362,False,0.057971333333333375,libras_move,17,exp0090_politica_1_oracle_1m1l,,,0.6845778128647039,oracle
2617436,2819036,17367836,2544,False,1,1,45,8.5e-05,0.833333,0.719352,85,SELU(),344,0.890476,0.883168,0.833333,0.824378,0.881481,0.873465,0.8,0.793306,False,0.03919333333333327,libras_move,18,exp0090_politica_1_oracle_1m1l,,,0.7446308444774066,oracle
2223023,2323823,16872623,5066,False,2,2,67,8.8e-05,0.75,0.971361,93,Tanh(),666,0.890476,0.883684,0.75,0.738098,0.859259,0.850683,0.833333,0.828361,False,0.09705733333333333,libras_move,2,exp0090_politica_1_oracle_1m1l,,,0.6637977488661893,oracle
2224337,2325137,16873937,1660,False,0,0,61,0.000102,0.883333,0.489638,90,LeakyReLU(negative_slope=0.01),260,0.909524,0.903149,0.883333,0.875521,0.903704,0.896931,0.866667,0.859191,False,0.018418666666666656,libras_move,5,exp0090_politica_1_oracle_1m1l,,,0.6894394647729452,oracle
2233379,2334179,16882979,5257,False,4,4,58,9.1e-05,0.816667,0.845408,93,Tanh(),657,0.885714,0.878405,0.816667,0.806457,0.866667,0.85814,0.866667,0.861254,False,0.04796533333333334,libras_move,0,exp0090_politica_1_oracle_1m1l,,,0.698882906534704,oracle
2238961,2339761,16888561,3757,False,5,5,58,0.00011,0.883333,0.422111,97,GELU(approximate=False),457,0.938095,0.934264,0.883333,0.879197,0.925926,0.921448,0.833333,0.828361,False,0.03671133333333332,libras_move,13,exp0090_politica_1_oracle_1m1l,,,0.712882570726546,oracle
2244395,2345195,16893995,4953,False,1,1,54,9.1e-05,0.766667,0.828754,91,Tanh(),653,0.857143,0.847577,0.766667,0.755187,0.837037,0.826442,0.833333,0.826362,False,0.06159333333333331,libras_move,14,exp0090_politica_1_oracle_1m1l,,,0.7071321249013542,oracle
2250891,2351691,16900491,1772,False,1,1,73,9.7e-05,0.816667,0.64579,87,LeakyReLU(negative_slope=0.01),272,0.933333,0.929136,0.816667,0.807425,0.914815,0.909533,0.833333,0.82736,False,0.08114066666666668,libras_move,11,exp0090_politica_1_oracle_1m1l,,,0.6410817951840337,oracle
2254167,2354967,16903767,3787,False,5,5,88,9.2e-05,0.9,0.408865,91,GELU(approximate=False),487,0.938095,0.934218,0.9,0.893655,0.92963,0.924984,0.833333,0.828361,False,0.02704200000000001,libras_move,4,exp0090_politica_1_oracle_1m1l,,,0.6032135623017486,oracle
2261588,2362388,16911188,1991,False,3,3,92,9.1e-05,0.816667,0.591114,90,LeakyReLU(negative_slope=0.01),291,0.952381,0.949118,0.816667,0.806457,0.918519,0.91294,0.8,0.79427,False,0.09510733333333336,libras_move,8,exp0090_politica_1_oracle_1m1l,,,0.5894923309299228,oracle
2263658,2364458,16913258,1643,False,0,0,44,0.000123,0.9,0.592059,97,LeakyReLU(negative_slope=0.01),243,0.919048,0.913754,0.9,0.894723,0.914815,0.909278,0.866667,0.862291,False,0.012687333333333273,libras_move,10,exp0090_politica_1_oracle_1m1l,,,0.7700630995847889,oracle
2273394,2374194,16922994,1981,False,3,3,82,9.7e-05,0.8,0.643152,97,LeakyReLU(negative_slope=0.01),281,0.947619,0.944635,0.8,0.787827,0.914815,0.909399,0.833333,0.828361,False,0.10453866666666663,libras_move,7,exp0090_politica_1_oracle_1m1l,,,0.6277787748629219,oracle
2277714,2378514,16927314,2286,False,6,6,87,8.7e-05,0.833333,0.625095,80,LeakyReLU(negative_slope=0.01),286,0.942857,0.939415,0.833333,0.826113,0.922222,0.91753,0.8,0.79427,False,0.07553466666666668,libras_move,12,exp0090_politica_1_oracle_1m1l,,,0.5861394765181933,oracle
2283584,2384384,16933184,3751,False,5,5,52,0.000113,0.85,0.718097,90,GELU(approximate=False),451,0.938095,0.934537,0.85,0.841795,0.918519,0.913666,0.833333,0.831386,False,0.061827999999999994,libras_move,3,exp0090_politica_1_oracle_1m1l,,,0.7277214044639487,oracle
2286860,2387660,16936460,3783,False,5,5,84,9.9e-05,0.916667,0.537047,99,GELU(approximate=False),483,0.957143,0.954244,0.916667,0.912073,0.951852,0.948566,0.9,0.897139,True,0.028113999999999972,libras_move,15,exp0090_politica_1_oracle_1m1l,,,0.6288148884632291,oracle
2295582,2396382,16945182,2366,False,7,7,67,9.6e-05,0.816667,0.600692,85,LeakyReLU(negative_slope=0.01),266,0.928571,0.924346,0.816667,0.805974,0.907407,0.901403,0.866667,0.861254,False,0.07891466666666669,libras_move,1,exp0090_politica_1_oracle_1m1l,,,0.6575656798947181,oracle
2299963,2400763,16949563,3795,False,5,5,96,9.3e-05,0.883333,0.450993,99,GELU(approximate=False),495,0.957143,0.95429,0.883333,0.877091,0.940741,0.936728,0.833333,0.829365,False,0.05146600000000001,libras_move,16,exp0090_politica_1_oracle_1m1l,,,0.592346387198766,oracle
2304203,2405003,16953803,2274,False,6,6,75,0.000102,0.9,0.474236,99,LeakyReLU(negative_slope=0.01),274,0.942857,0.938935,0.9,0.894456,0.937037,0.932704,0.866667,0.862291,False,0.029652666666666622,libras_move,6,exp0090_politica_1_oracle_1m1l,,,0.6540706253921369,oracle
2410773,2511573,17060373,5230,False,4,4,31,4.8e-05,0.777027,0.542779,0,Tanh(),630,0.783784,0.291863,0.777027,0.24238,0.785285,0.278381,0.851351,0.543919,False,0.032988666666666645,blood-transfusion-service-center,17,exp0090_politica_1_oracle_1m1l,,,0.48682119565345006,oracle
2416456,2517256,17066056,2714,False,3,3,15,4.6e-05,0.790541,0.524584,12,SELU(),314,0.776062,0.276077,0.790541,0.307011,0.783784,0.288217,0.851351,0.534053,False,0.02062266666666664,blood-transfusion-service-center,18,exp0090_politica_1_oracle_1m1l,,,0.5516749940881982,oracle
2424555,2525355,17074155,500,False,5,5,1,0.00026,0.797297,0.541287,48,Identity(),0,0.77027,0.236909,0.797297,0.317443,0.776276,0.253047,0.851351,0.543919,False,0.05368933333333331,blood-transfusion-service-center,2,exp0090_politica_1_oracle_1m1l,,,0.6808784734704604,oracle
2426466,2527266,17076066,3047,False,6,6,48,4.5e-05,0.77027,0.54673,4,SELU(),347,0.76834,0.306469,0.77027,0.268469,0.777778,0.290573,0.837838,0.494227,False,0.02533333333333332,blood-transfusion-service-center,5,exp0090_politica_1_oracle_1m1l,,,0.4508933678403319,oracle
2431551,2532351,17081151,1216,False,4,4,17,5.7e-05,0.797297,0.44877,83,ReLU(),116,0.797297,0.301915,0.797297,0.300939,0.792793,0.2836,0.837838,0.492917,False,0.01220999999999998,blood-transfusion-service-center,0,exp0090_politica_1_oracle_1m1l,,,0.8219564121626243,oracle
2440206,2541006,17089806,778,False,7,7,79,4.7e-05,0.777027,0.569451,1,Identity(),78,0.758687,0.316137,0.777027,0.270584,0.776276,0.253047,0.851351,0.543919,False,0.042059999999999986,blood-transfusion-service-center,13,exp0090_politica_1_oracle_1m1l,,,0.3540033892970217,oracle
2445750,2546550,17095350,261,False,2,2,62,4.5e-05,0.783784,0.551714,2,Identity(),61,0.766409,0.318455,0.783784,0.300951,0.780781,0.286123,0.851351,0.534053,False,0.02155466666666665,blood-transfusion-service-center,14,exp0090_politica_1_oracle_1m1l,,,0.4188393436688346,oracle
2452466,2553266,17102066,406,False,4,4,7,6.6e-05,0.804054,0.517865,16,Identity(),6,0.77027,0.232547,0.804054,0.34124,0.779279,0.255104,0.851351,0.543919,False,0.07246199999999998,blood-transfusion-service-center,11,exp0090_politica_1_oracle_1m1l,,,0.5689939422533526,oracle
2458269,2559069,17107869,2509,False,1,1,10,5.4e-05,0.804054,0.547162,16,SELU(),309,0.756757,0.254394,0.804054,0.396832,0.779279,0.308801,0.837838,0.494227,False,0.09495866666666668,blood-transfusion-service-center,4,exp0090_politica_1_oracle_1m1l,,,0.5824093384160052,oracle
2461899,2562699,17111499,2808,False,4,4,9,4.3e-05,0.797297,0.530089,24,SELU(),308,0.783784,0.284566,0.797297,0.327143,0.786787,0.285554,0.851351,0.543919,False,0.028384666666666687,blood-transfusion-service-center,8,exp0090_politica_1_oracle_1m1l,,,0.6002467984991966,oracle
2465201,2566001,17114801,1905,False,3,3,6,0.000109,0.790541,0.466899,96,LeakyReLU(negative_slope=0.01),205,0.795367,0.306812,0.790541,0.256657,0.794294,0.295462,0.837838,0.492917,False,0.033436666666666635,blood-transfusion-service-center,10,exp0090_politica_1_oracle_1m1l,,,0.8718815858140591,oracle
2475129,2575929,17124729,234,False,2,2,35,3.6e-05,0.790541,0.573022,5,Identity(),34,0.73166,0.248462,0.790541,0.353962,0.77027,0.282659,0.851351,0.544119,False,0.07033333333333334,blood-transfusion-service-center,7,exp0090_politica_1_oracle_1m1l,,,0.48720729678251146,oracle
2480199,2580999,17129799,2903,False,5,5,4,4.7e-05,0.777027,0.605845,20,SELU(),303,0.749035,0.25249,0.777027,0.284278,0.774775,0.28352,0.851351,0.534053,False,0.02119199999999999,blood-transfusion-service-center,12,exp0090_politica_1_oracle_1m1l,,,0.6059143884282797,oracle
2482927,2583727,17132527,3519,False,3,3,20,6.4e-05,0.804054,0.465497,97,GELU(approximate=False),419,0.793436,0.289011,0.804054,0.34124,0.794294,0.295462,0.837838,0.492917,False,0.03481933333333331,blood-transfusion-service-center,3,exp0090_politica_1_oracle_1m1l,,,0.8260557633233391,oracle
2491970,2592770,17141570,4106,False,1,1,7,4.6e-05,0.790541,0.662749,12,Sigmoid(),506,0.694981,0.310023,0.790541,0.33031,0.780781,0.294883,0.851351,0.534053,False,0.02361799999999999,blood-transfusion-service-center,15,exp0090_politica_1_oracle_1m1l,,,0.5792833916102423,oracle
2496391,2597191,17145991,5509,False,7,7,10,4.6e-05,0.777027,0.596747,3,Tanh(),609,0.764479,0.236045,0.777027,0.24238,0.779279,0.255104,0.851351,0.534053,False,0.012705999999999995,blood-transfusion-service-center,1,exp0090_politica_1_oracle_1m1l,,,0.5270004396164404,oracle
2500632,2601432,17150232,2965,False,5,5,66,4.2e-05,0.790541,0.529432,3,SELU(),365,0.779923,0.293199,0.790541,0.307011,0.783784,0.273989,0.851351,0.543919,False,0.022014666666666665,blood-transfusion-service-center,16,exp0090_politica_1_oracle_1m1l,,,0.4015500678445583,oracle
2508619,2609419,17158219,2714,False,3,3,15,4.8e-05,0.810811,0.549336,12,SELU(),314,0.758687,0.236486,0.810811,0.403924,0.774775,0.28352,0.864865,0.583075,False,0.11162533333333334,blood-transfusion-service-center,6,exp0090_politica_1_oracle_1m1l,,,0.5515574745450106,oracle
2509993,2610793,17159593,200,False,2,2,1,0.000205,0.833333,0.562003,3,Identity(),0,0.833333,0.663403,0.833333,0.625,0.87037,0.725241,1.0,1.0,False,0.06682733333333335,lsvt,17,exp0090_politica_1_oracle_1m1l,,,0.5535454604326362,oracle
2516413,2617213,17166013,45,False,0,0,46,3.5e-05,0.833333,0.535179,1,Identity(),45,0.785714,0.50985,0.833333,0.625,0.777778,0.507278,0.916667,0.83666,False,0.07848133333333333,lsvt,18,exp0090_politica_1_oracle_1m1l,,,0.383900982251515,oracle
2522852,2623652,17172452,1706,False,1,1,7,6.8e-05,0.875,0.424964,56,LeakyReLU(negative_slope=0.01),206,0.821429,0.644346,0.875,0.768706,0.833333,0.671984,0.916667,0.83666,False,0.08290666666666668,lsvt,2,exp0090_politica_1_oracle_1m1l,,,0.7013452933151597,oracle
2525745,2626545,17175345,5103,False,3,3,4,6.3e-05,0.875,0.490887,23,Tanh(),603,0.869048,0.715237,0.875,0.713024,0.87037,0.712931,0.916667,0.83666,False,0.0015373333333333534,lsvt,5,exp0090_politica_1_oracle_1m1l,,,0.5991310657631768,oracle
2531321,2632121,17180921,3209,False,0,0,10,4.3e-05,0.833333,0.63311,1,GELU(approximate=False),409,0.833333,0.632456,0.833333,0.625,0.842593,0.661077,0.916667,0.83666,False,0.02405133333333335,lsvt,0,exp0090_politica_1_oracle_1m1l,,,0.5228844267739771,oracle
2538601,2639401,17188201,1508,False,7,7,9,4.1e-05,0.875,0.605356,2,ReLU(),108,0.821429,0.601982,0.875,0.730297,0.842593,0.654289,1.0,1.0,False,0.0855433333333333,lsvt,13,exp0090_politica_1_oracle_1m1l,,,0.5198839680189953,oracle
2544122,2644922,17193722,3202,False,0,0,3,6.9e-05,0.791667,0.557352,14,GELU(approximate=False),402,0.821429,0.620505,0.791667,0.591312,0.814815,0.612952,0.916667,0.83666,False,0.019462000000000017,lsvt,14,exp0090_politica_1_oracle_1m1l,,,0.5527782135938063,oracle
2552605,2653405,17202205,1554,False,7,7,55,3.5e-05,0.916667,0.456824,10,ReLU(),154,0.809524,0.612372,0.916667,0.83666,0.851852,0.692902,0.916667,0.83666,False,0.1495253333333333,lsvt,11,exp0090_politica_1_oracle_1m1l,,,0.4407347455959945,oracle
2559161,2659961,17208761,3390,False,1,1,91,3.4e-05,0.833333,0.603706,0,GELU(approximate=False),490,0.607143,0.108148,0.833333,0.657376,0.759259,0.474535,0.916667,0.83666,False,0.36615200000000003,lsvt,4,exp0090_politica_1_oracle_1m1l,,,0.2542211781940094,oracle
2564729,2665529,17214329,3908,False,7,7,9,4.1e-05,0.958333,0.603659,4,GELU(approximate=False),408,0.75,0.442634,0.958333,0.907485,0.796296,0.541667,1.0,1.0,False,0.30990066666666666,lsvt,8,exp0090_politica_1_oracle_1m1l,,,0.5002772844061436,oracle
2566985,2667785,17216585,3902,False,7,7,3,0.000117,0.958333,0.316113,78,GELU(approximate=False),402,0.916667,0.810106,0.958333,0.912871,0.925926,0.831729,0.916667,0.816497,False,0.06851,lsvt,10,exp0090_politica_1_oracle_1m1l,,,0.8473798081192246,oracle
2575981,2676781,17225581,1799,False,1,1,100,3.4e-05,0.916667,0.598282,0,LeakyReLU(negative_slope=0.01),299,0.619048,0.127462,0.916667,0.816497,0.824074,0.589874,1.0,1.0,False,0.4593566666666667,lsvt,7,exp0090_politica_1_oracle_1m1l,,,0.29976930295649773,oracle
2577768,2678568,17227368,1513,False,7,7,14,3.9e-05,0.875,0.554638,4,ReLU(),113,0.833333,0.619103,0.875,0.768706,0.851852,0.666667,1.0,1.0,False,0.09973533333333336,lsvt,12,exp0090_politica_1_oracle_1m1l,,,0.5198797011686684,oracle
2586897,2687697,17236497,1520,False,7,7,21,3.8e-05,0.875,0.516324,8,ReLU(),120,0.72619,0.488379,0.875,0.730297,0.768519,0.550823,0.916667,0.83666,False,0.16127866666666665,lsvt,3,exp0090_politica_1_oracle_1m1l,,,0.48267775374430555,oracle
2588444,2689244,17238044,3203,False,0,0,4,7.1e-05,0.875,0.497003,47,GELU(approximate=False),403,0.892857,0.767572,0.875,0.730297,0.898148,0.776968,1.0,1.0,False,0.031114000000000013,lsvt,15,exp0090_politica_1_oracle_1m1l,,,0.7028082622331365,oracle
2596244,2697044,17245844,1105,False,3,3,6,4.4e-05,0.833333,0.566214,12,ReLU(),105,0.761905,0.57307,0.833333,0.657376,0.777778,0.589256,0.916667,0.83666,False,0.056204,lsvt,1,exp0090_politica_1_oracle_1m1l,,,0.5364325886845228,oracle
2600470,2701270,17250070,2035,False,4,4,36,3.6e-05,0.791667,0.500482,9,LeakyReLU(negative_slope=0.01),235,0.833333,0.67651,0.791667,0.547723,0.833333,0.662034,0.916667,0.83666,False,0.08585799999999999,lsvt,16,exp0090_politica_1_oracle_1m1l,,,0.47764317787521077,oracle
2609538,2710338,17259138,4891,False,0,0,92,3.4e-05,0.833333,0.558316,0,Tanh(),691,0.595238,0.202031,0.833333,0.707107,0.75,0.536969,0.916667,0.83666,False,0.33671733333333337,lsvt,6,exp0090_politica_1_oracle_1m1l,,,0.2745211584779821,oracle
2621020,2912220,17461020,2500,False,1,1,1,0.000341,0.955357,0.145053,92,SELU(),300,0.954082,0.902866,0.955357,0.906765,0.954365,0.903697,0.964286,0.925125,False,0.002599333333333398,wdbc,17,exp0090_politica_1_oracle_1m1l,,,0.9370857058706278,oracle
2626636,2917836,17466636,4600,False,6,6,1,0.000456,0.973214,0.463028,88,Sigmoid(),500,0.97449,0.945896,0.973214,0.942756,0.974206,0.945144,0.964286,0.925125,False,0.0020933333333332804,wdbc,18,exp0090_politica_1_oracle_1m1l,,,0.9325199915617233,oracle
2632503,2923703,17472503,1200,False,4,4,1,0.000389,0.955357,0.224052,98,ReLU(),100,0.956633,0.90938,0.955357,0.906765,0.956349,0.908799,0.964286,0.925125,False,0.0017433333333332819,wdbc,2,exp0090_politica_1_oracle_1m1l,,,0.9544800275269939,oracle
2637600,2928800,17477600,900,False,1,1,1,0.000343,0.964286,0.340407,81,ReLU(),100,0.964286,0.923683,0.964286,0.92376,0.964286,0.923698,0.964286,0.925125,False,5.133333333332916e-05,wdbc,5,exp0090_politica_1_oracle_1m1l,,,0.8921169347655408,oracle
2643523,2934723,17483523,3100,False,7,7,1,0.000239,0.982143,0.135293,95,SELU(),300,0.979592,0.956454,0.982143,0.961905,0.980159,0.95763,0.964286,0.925125,False,0.0036339999999999892,wdbc,0,exp0090_politica_1_oracle_1m1l,,,0.9710797997287941,oracle
2648800,2940000,17488800,2200,False,6,6,1,0.00037,0.946429,0.225593,84,LeakyReLU(negative_slope=0.01),200,0.946429,0.888523,0.946429,0.888523,0.946429,0.888523,0.964286,0.925125,False,0.0,wdbc,13,exp0090_politica_1_oracle_1m1l,,,0.8975308054179789,oracle
2654920,2946120,17494920,2800,False,4,4,1,0.000282,0.982143,0.155356,98,SELU(),300,0.984694,0.9674,0.982143,0.96225,0.984127,0.966237,0.964286,0.925125,True,0.003433333333333325,wdbc,14,exp0090_politica_1_oracle_1m1l,,,0.9863942682960908,oracle
2660477,2951677,17500477,3700,False,5,5,1,0.000339,0.964286,0.21124,84,GELU(approximate=False),400,0.966837,0.929896,0.964286,0.925125,0.96627,0.928817,0.964286,0.925125,False,0.0031806666666666463,wdbc,11,exp0090_politica_1_oracle_1m1l,,,0.9084256320100457,oracle
2670401,2961601,17510401,132,False,1,1,33,6.4e-05,0.964286,0.174689,89,Identity(),32,0.989796,0.978231,0.964286,0.92381,0.984127,0.966138,0.982143,0.96225,False,0.03628066666666663,wdbc,4,exp0090_politica_1_oracle_1m1l,,,0.8146295088000134,oracle
2671956,2963156,17511956,5200,False,4,4,1,0.000295,0.982143,0.245465,95,Tanh(),600,0.979592,0.956623,0.982143,0.96225,0.980159,0.957869,0.964286,0.925125,True,0.0037513333333333656,wdbc,8,exp0090_politica_1_oracle_1m1l,,,0.9711624968189856,oracle
2677258,2968458,17517258,1600,False,0,0,1,0.000289,0.973214,0.279032,82,LeakyReLU(negative_slope=0.01),200,0.97449,0.945486,0.973214,0.945163,0.974206,0.94504,0.964286,0.925125,False,0.00029733333333337164,wdbc,10,exp0090_politica_1_oracle_1m1l,,,0.9011341910243816,oracle
2682400,2973600,17522400,2100,False,5,5,1,0.000461,0.982143,0.234649,82,LeakyReLU(negative_slope=0.01),200,0.982143,0.961878,0.982143,0.961905,0.982143,0.961861,0.964286,0.925125,True,2.933333333336267e-05,wdbc,7,exp0090_politica_1_oracle_1m1l,,,0.9033663135483082,oracle
2688049,2979249,17528049,3000,False,6,6,1,0.000425,0.973214,0.13097,99,SELU(),300,0.971939,0.940256,0.973214,0.942756,0.972222,0.940784,0.964286,0.925125,False,0.0016666666666667052,wdbc,12,exp0090_politica_1_oracle_1m1l,,,0.9730920363623851,oracle
2693909,2985109,17533909,5300,False,5,5,1,0.000322,0.982143,0.312983,89,Tanh(),600,0.979592,0.956623,0.982143,0.96225,0.980159,0.957869,0.964286,0.925125,True,0.0037513333333333656,wdbc,3,exp0090_politica_1_oracle_1m1l,,,0.9402715121144654,oracle
2699201,2990401,17539201,4400,False,4,4,1,0.000441,0.964286,0.505083,98,Sigmoid(),500,0.964286,0.924585,0.964286,0.925125,0.964286,0.924694,0.964286,0.925125,False,0.00035999999999998994,wdbc,15,exp0090_politica_1_oracle_1m1l,,,0.9633808134705584,oracle
2705260,2996460,17545260,3200,False,0,0,1,0.000407,0.955357,0.274421,80,GELU(approximate=False),400,0.956633,0.908716,0.955357,0.906765,0.956349,0.908268,0.964286,0.925125,False,0.0013006666666666167,wdbc,1,exp0090_politica_1_oracle_1m1l,,,0.8837475644997979,oracle
2711092,3002292,17551092,5400,False,6,6,1,0.000326,0.973214,0.343544,84,Tanh(),600,0.977041,0.951253,0.973214,0.943616,0.97619,0.949532,0.964286,0.925125,False,0.005091333333333337,wdbc,16,exp0090_politica_1_oracle_1m1l,,,0.912328924088099,oracle
2716658,3007858,17556658,100,False,1,1,1,0.000324,0.973214,0.142073,79,Identity(),0,0.969388,0.934663,0.973214,0.943616,0.970238,0.93659,0.964286,0.925125,False,0.0059686666666666595,wdbc,6,exp0090_politica_1_oracle_1m1l,,,0.8842633065334574,oracle
2725925,3017125,17565925,3382,False,1,1,83,0.000203,0.910156,0.233755,86,GELU(approximate=False),482,0.925223,0.907703,0.910156,0.889089,0.922743,0.904706,0.917188,0.897891,False,0.012409333333333347,satimage,17,exp0090_politica_1_oracle_1m1l,,,0.6093421171696869,oracle
2732750,3023950,17572750,3989,False,7,7,90,0.000212,0.895312,0.270295,97,GELU(approximate=False),489,0.933482,0.917896,0.895312,0.87065,0.924653,0.907001,0.915625,0.896088,False,0.03149733333333334,satimage,18,exp0090_politica_1_oracle_1m1l,,,0.6070262257288149,oracle
2735834,3027034,17575834,889,False,0,0,90,0.00019,0.910937,0.21798,88,ReLU(),189,0.926562,0.909304,0.910937,0.890133,0.923785,0.906101,0.915625,0.896107,False,0.012780666666666699,satimage,2,exp0090_politica_1_oracle_1m1l,,,0.5919326894709229,oracle
2743980,3035180,17583980,1999,False,3,3,100,0.000185,0.910156,0.239969,98,LeakyReLU(negative_slope=0.01),299,0.934598,0.919319,0.910156,0.889101,0.929688,0.913255,0.910937,0.890326,False,0.02014533333333331,satimage,5,exp0090_politica_1_oracle_1m1l,,,0.5835442905871827,oracle
2748687,3039887,17588687,1296,False,4,4,97,0.000183,0.9125,0.248655,89,ReLU(),196,0.929018,0.912348,0.9125,0.89204,0.926042,0.908757,0.91875,0.899835,False,0.013538666666666662,satimage,0,exp0090_politica_1_oracle_1m1l,,,0.577155055737169,oracle
2754186,3045386,17594186,2089,False,4,4,90,0.000187,0.916406,0.219072,92,LeakyReLU(negative_slope=0.01),289,0.928571,0.911834,0.916406,0.896854,0.928993,0.912282,0.915625,0.895931,False,0.010285333333333332,satimage,13,exp0090_politica_1_oracle_1m1l,,,0.6003969463509544,oracle
2756432,3047632,17596432,3890,False,6,6,91,0.000208,0.922656,0.216108,99,GELU(approximate=False),490,0.925893,0.908504,0.922656,0.904571,0.924653,0.907133,0.914062,0.894176,False,0.0026219999999999763,satimage,14,exp0090_politica_1_oracle_1m1l,,,0.6069463988772346,oracle
2764378,3055578,17604378,3785,False,5,5,86,0.000211,0.914844,0.232046,97,GELU(approximate=False),485,0.927679,0.91071,0.914844,0.895055,0.923785,0.905995,0.91875,0.899847,False,0.01043666666666665,satimage,11,exp0090_politica_1_oracle_1m1l,,,0.6183416246207804,oracle
2770212,3061412,17610212,1484,False,6,6,85,0.000205,0.919531,0.226055,97,ReLU(),184,0.929464,0.912971,0.919531,0.900778,0.927431,0.910443,0.917188,0.897865,False,0.008128666666666673,satimage,4,exp0090_politica_1_oracle_1m1l,,,0.6224921544305844,oracle
2777428,3068628,17617428,1592,False,7,7,93,0.000184,0.902344,0.241926,84,ReLU(),192,0.933036,0.917345,0.902344,0.879631,0.927604,0.910748,0.915625,0.89597,False,0.02514266666666661,satimage,8,exp0090_politica_1_oracle_1m1l,,,0.5786850544028725,oracle
2781035,3072235,17621035,1173,False,3,3,74,0.000208,0.914844,0.233662,91,ReLU(),173,0.925,0.907415,0.914844,0.894806,0.924653,0.906998,0.914062,0.894036,False,0.008405999999999988,satimage,10,exp0090_politica_1_oracle_1m1l,,,0.6475164739551864,oracle
2788729,3079929,17628729,2092,False,4,4,93,0.000195,0.903906,0.238619,91,LeakyReLU(negative_slope=0.01),292,0.934598,0.919304,0.903906,0.881413,0.928472,0.911667,0.915625,0.895775,False,0.02526066666666667,satimage,7,exp0090_politica_1_oracle_1m1l,,,0.5914799863201287,oracle
2789158,3080358,17629158,3992,False,7,7,93,0.000188,0.921094,0.213201,93,GELU(approximate=False),492,0.921875,0.903582,0.921094,0.902651,0.922569,0.904385,0.91875,0.899791,False,0.0011560000000000088,satimage,12,exp0090_politica_1_oracle_1m1l,,,0.5917444532197703,oracle
2798388,3089588,17638388,3586,False,3,3,87,0.000207,0.904688,0.246647,95,GELU(approximate=False),486,0.928125,0.911273,0.904688,0.882316,0.92309,0.905033,0.9125,0.892029,False,0.019304666666666675,satimage,3,exp0090_politica_1_oracle_1m1l,,,0.6126594431155331,oracle
2803877,3095077,17643877,1091,False,2,2,92,0.000191,0.920313,0.218582,95,ReLU(),191,0.933036,0.917407,0.920313,0.901603,0.928125,0.911258,0.917188,0.897944,False,0.010535999999999953,satimage,15,exp0090_politica_1_oracle_1m1l,,,0.5995675155342896,oracle
2809429,3100629,17649429,2098,False,4,4,99,0.000182,0.921094,0.218121,94,LeakyReLU(negative_slope=0.01),298,0.934598,0.919294,0.921094,0.902487,0.930382,0.914009,0.914062,0.893874,False,0.011204666666666604,satimage,1,exp0090_politica_1_oracle_1m1l,,,0.5796839074682126,oracle
2815836,3107036,17655836,3875,False,6,6,76,0.000218,0.905469,0.244775,98,GELU(approximate=False),475,0.925893,0.908533,0.905469,0.883311,0.92066,0.90209,0.91875,0.899758,False,0.016814666666666717,satimage,16,exp0090_politica_1_oracle_1m1l,,,0.6495163725318269,oracle
2820627,3111827,17660627,1683,False,0,0,84,0.000206,0.921094,0.216931,97,LeakyReLU(negative_slope=0.01),283,0.928348,0.911606,0.921094,0.90267,0.92934,0.912869,0.917188,0.897972,False,0.006799333333333379,satimage,6,exp0090_politica_1_oracle_1m1l,,,0.625563891829851,oracle
3027070,3508670,27370270,3894,False,6,6,95,0.000184,0.888889,0.422884,99,GELU(),494,0.920635,0.912966,0.888889,0.878419,0.91358,0.905198,0.888889,0.879953,False,0.023031333333333404,vowel(2),17,exp0090_politica_1_oracle_1m1l,,,0.596152738581775,oracle
3033238,3514838,27376438,3897,False,6,6,98,0.000181,0.90404,0.435874,98,GELU(),497,0.936508,0.930348,0.90404,0.894746,0.931538,0.924895,0.919192,0.912752,False,0.02373466666666661,vowel(2),18,exp0090_politica_1_oracle_1m1l,,,0.588497545672715,oracle
3037999,3519599,27381199,3699,False,4,4,100,0.000174,0.89899,0.427683,98,GELU(),499,0.92785,0.920759,0.89899,0.890189,0.925926,0.918795,0.89899,0.89059,False,0.020379999999999992,vowel(2),2,exp0090_politica_1_oracle_1m1l,,,0.5835662403221471,oracle
3045597,3527197,27388797,999,False,1,1,100,0.000167,0.888889,0.458046,99,ReLU(),199,0.930736,0.923932,0.888889,0.878419,0.923681,0.916129,0.919192,0.91193,False,0.030342000000000018,vowel(2),5,exp0090_politica_1_oracle_1m1l,,,0.5835734002221589,oracle
3050256,3531856,27393456,1599,False,7,7,100,0.000164,0.893939,0.464455,98,ReLU(),199,0.924964,0.917727,0.893939,0.88373,0.921437,0.91374,0.929293,0.923467,False,0.022664666666666628,vowel(2),0,exp0090_politica_1_oracle_1m1l,,,0.5820785384396469,oracle
3053171,3534771,27396371,3682,False,4,4,83,0.000185,0.924242,0.450587,94,GELU(),482,0.914863,0.906655,0.924242,0.917078,0.921437,0.913727,0.919192,0.912957,False,0.00694866666666664,vowel(2),13,exp0090_politica_1_oracle_1m1l,,,0.6226392334186259,oracle
3062693,3544293,27405893,996,False,1,1,97,0.000167,0.858586,0.524768,97,ReLU(),196,0.935065,0.928737,0.858586,0.845109,0.920314,0.912547,0.888889,0.879061,False,0.055752000000000024,vowel(2),14,exp0090_politica_1_oracle_1m1l,,,0.5882991005907136,oracle
3067037,3548637,27410237,3595,False,3,3,96,0.000185,0.89899,0.416386,99,GELU(),495,0.937951,0.931887,0.89899,0.889188,0.93266,0.926003,0.909091,0.901824,True,0.02846600000000003,vowel(2),11,exp0090_politica_1_oracle_1m1l,,,0.5945713743659314,oracle
3071056,3552656,27414256,3493,False,2,2,94,0.000178,0.893939,0.433853,96,GELU(),493,0.919192,0.911391,0.893939,0.884202,0.915825,0.907748,0.909091,0.901722,False,0.018125999999999937,vowel(2),4,exp0090_politica_1_oracle_1m1l,,,0.5941374672609909,oracle
3079296,3560896,27422496,2299,False,6,6,100,0.000168,0.868687,0.475796,98,LeakyReLU(negative_slope=0.01),299,0.937951,0.932015,0.868687,0.856855,0.927048,0.920062,0.909091,0.901417,False,0.05010666666666667,vowel(2),8,exp0090_politica_1_oracle_1m1l,,,0.5837423776221831,oracle
3081393,3562993,27424593,2291,False,6,6,92,0.000173,0.914141,0.449968,97,LeakyReLU(negative_slope=0.01),291,0.923521,0.916064,0.914141,0.905886,0.924804,0.917367,0.939394,0.933858,False,0.00765400000000005,vowel(2),10,exp0090_politica_1_oracle_1m1l,,,0.6014491405627505,oracle
3089627,3571227,27432827,996,False,1,1,97,0.000174,0.888889,0.461921,99,ReLU(),196,0.933622,0.92715,0.888889,0.878468,0.924804,0.917509,0.919192,0.912854,False,0.032454666666666666,vowel(2),7,exp0090_politica_1_oracle_1m1l,,,0.5909938505563632,oracle
3095184,3576784,27438384,3680,False,4,4,81,0.000195,0.873737,0.500034,98,GELU(),480,0.914863,0.906609,0.873737,0.861667,0.909091,0.900213,0.909091,0.901722,False,0.029961333333333357,vowel(2),12,exp0090_politica_1_oracle_1m1l,,,0.633490520995798,oracle
3098180,3579780,27441380,3990,False,7,7,91,0.000177,0.89899,0.456708,95,GELU(),490,0.911977,0.903437,0.89899,0.889713,0.910213,0.901533,0.909091,0.901722,False,0.009149333333333379,vowel(2),3,exp0090_politica_1_oracle_1m1l,,,0.6002561681840879,oracle
3105338,3586938,27448538,3879,False,6,6,80,0.000192,0.89899,0.483946,96,GELU(),479,0.926407,0.919254,0.89899,0.890113,0.921437,0.913911,0.909091,0.902129,True,0.019427333333333314,vowel(2),15,exp0090_politica_1_oracle_1m1l,,,0.6359706212479598,oracle
3111388,3592988,27454588,3993,False,7,7,94,0.000181,0.90404,0.447669,97,GELU(),493,0.936508,0.930342,0.90404,0.895223,0.931538,0.924952,0.919192,0.912033,False,0.023412666666666675,vowel(2),1,exp0090_politica_1_oracle_1m1l,,,0.5978125904424766,oracle
3117339,3598939,27460539,1472,False,6,6,73,0.000192,0.868687,0.511021,98,ReLU(),172,0.907648,0.898662,0.868687,0.855844,0.897868,0.88786,0.909091,0.901113,False,0.028545333333333273,vowel(2),16,exp0090_politica_1_oracle_1m1l,,,0.6582700658897792,oracle
3124253,3605853,27467453,3496,False,2,2,97,0.000175,0.868687,0.463631,96,GELU(),496,0.930736,0.924076,0.868687,0.856517,0.91807,0.910202,0.909091,0.901215,False,0.045039333333333355,vowel(2),6,exp0090_politica_1_oracle_1m1l,,,0.5849641820316203,oracle
3124801,3606401,27468001,100,False,1,1,1,0.001456,1.0,0.005597,54,Identity(),0,1.0,1.0,1.0,1.0,1.0,1.0,1.0,1.0,False,0.0,musk,17,exp0090_politica_1_oracle_1m1l,,,0.7631922737138688,oracle
3130400,3612000,27473600,0,False,0,0,1,0.00147,1.0,0.006765,51,Identity(),0,1.0,1.0,1.0,1.0,1.0,1.0,1.0,1.0,False,0.0,musk,18,exp0090_politica_1_oracle_1m1l,,,0.74332538252512,oracle
3136000,3617600,27479200,0,False,0,0,1,0.001992,1.0,0.005837,68,Identity(),0,1.0,1.0,1.0,1.0,1.0,1.0,1.0,1.0,False,0.0,musk,2,exp0090_politica_1_oracle_1m1l,,,0.819019304969122,oracle
3141600,3623200,27484800,400,False,4,4,1,0.001628,1.0,0.00842,56,Identity(),0,1.0,1.0,1.0,1.0,1.0,1.0,1.0,1.0,False,0.0,musk,5,exp0090_politica_1_oracle_1m1l,,,0.7721768900922138,oracle
3147200,3628800,27490400,100,False,1,1,1,0.001381,1.0,0.009122,48,Identity(),0,1.0,1.0,1.0,1.0,1.0,1.0,1.0,1.0,False,0.0,musk,0,exp0090_politica_1_oracle_1m1l,,,0.7371512973830169,oracle
3152800,3634400,27496000,0,False,0,0,1,0.001478,1.0,0.008007,51,Identity(),0,1.0,1.0,1.0,1.0,1.0,1.0,1.0,1.0,False,0.0,musk,13,exp0090_politica_1_oracle_1m1l,,,0.7542700064472379,oracle
3158400,3640000,27501600,400,False,4,4,1,0.002022,1.0,0.005153,68,Identity(),0,1.0,1.0,1.0,1.0,1.0,1.0,1.0,1.0,False,0.0,musk,14,exp0090_politica_1_oracle_1m1l,,,0.829382684883135,oracle
3164004,3645604,27507204,4600,False,6,6,1,0.004897,1.0,0.034848,80,Sigmoid(),500,1.0,1.0,1.0,1.0,1.0,1.0,1.0,1.0,False,0.0,musk,11,exp0090_politica_1_oracle_1m1l,,,0.8925361707175267,oracle
3169600,3651200,27512800,0,False,0,0,1,0.001397,1.0,0.006112,51,Identity(),0,1.0,1.0,1.0,1.0,1.0,1.0,1.0,1.0,False,0.0,musk,4,exp0090_politica_1_oracle_1m1l,,,0.74332538252512,oracle
3175200,3656800,27518400,300,False,3,3,1,0.001483,1.0,0.010746,44,Identity(),0,1.0,1.0,1.0,1.0,1.0,1.0,1.0,1.0,False,0.0,musk,8,exp0090_politica_1_oracle_1m1l,,,0.7205572924682706,oracle
3180802,3662402,27524002,800,False,0,0,1,0.001526,1.0,0.039597,59,ReLU(),100,1.0,1.0,1.0,1.0,1.0,1.0,1.0,1.0,False,0.0,musk,10,exp0090_politica_1_oracle_1m1l,,,0.7799769736096972,oracle
3186401,3668001,27529601,900,False,1,1,1,0.002382,1.0,0.023528,61,ReLU(),100,1.0,1.0,1.0,1.0,1.0,1.0,1.0,1.0,False,0.0,musk,7,exp0090_politica_1_oracle_1m1l,,,0.8003987048307238,oracle
3192000,3673600,27535200,100,False,1,1,1,0.001617,1.0,0.006268,51,Identity(),0,1.0,1.0,1.0,1.0,1.0,1.0,1.0,1.0,False,0.0,musk,12,exp0090_politica_1_oracle_1m1l,,,0.75,oracle
3197600,3679200,27540800,700,False,7,7,1,0.001458,1.0,0.008735,45,Identity(),0,1.0,1.0,1.0,1.0,1.0,1.0,1.0,1.0,False,0.0,musk,3,exp0090_politica_1_oracle_1m1l,,,0.7269420472354398,oracle
3203200,3684800,27546400,0,False,0,0,1,0.001541,1.0,0.006426,52,Identity(),0,1.0,1.0,1.0,1.0,1.0,1.0,1.0,1.0,False,0.0,musk,15,exp0090_politica_1_oracle_1m1l,,,0.7543593539607113,oracle
3208800,3690400,27552000,500,False,5,5,1,0.001217,1.0,0.00968,47,Identity(),0,1.0,1.0,1.0,1.0,1.0,1.0,1.0,1.0,False,0.0,musk,1,exp0090_politica_1_oracle_1m1l,,,0.7351951824282262,oracle
3214401,3696001,27557601,100,False,1,1,1,0.00171,1.0,0.006626,55,Identity(),0,1.0,1.0,1.0,1.0,1.0,1.0,1.0,1.0,False,0.0,musk,16,exp0090_politica_1_oracle_1m1l,,,0.7569158800518051,oracle
3220001,3701601,27563201,1000,False,2,2,1,0.001574,1.0,0.028222,42,ReLU(),100,1.0,1.0,1.0,1.0,1.0,1.0,1.0,1.0,False,0.0,musk,6,exp0090_politica_1_oracle_1m1l,,,0.7141345997564221,oracle
