,level_0,index,Unnamed: 0,model_id,selected,fold,repetition,num_neurons,weight_regularization,monitored_metric,loss,epoch,activation_name,architecture_id,train_overall_acc,train_matthews_corrcoef,validation_overall_acc,validation_matthews_corrcoef,holdout_overall_acc,holdout_matthews_corrcoef,test_overall_acc,test_matthews_corrcoef,dominant_solution,mean_diffs,dataset,run,experiment,validation_loss,holdout_loss,rank,policy
0,1414040,1514840,16063640,5305,False,5,5,6,8.5e-05,0.867647,0.358382,98,Tanh(),605,0.890756,0.75823,0.867647,0.705978,0.888889,0.753942,0.970588,0.938679,True,0.034834666666666646,ionosphere,17,exp0090_politica_1_oracle_1m1l,,,0.9540336096756443,topsis_pareto_oracle
0,1416887,1517687,16066487,300,False,3,3,1,0.00031,0.867647,0.453433,99,Identity(),0,0.865546,0.703477,0.867647,0.705248,0.866013,0.703004,0.941176,0.871212,True,0.0014960000000000158,ionosphere,18,exp0090_politica_1_oracle_1m1l,,,0.9592420870270234,topsis_pareto_oracle
0,1425906,1526706,16075506,2904,False,5,5,5,8.4e-05,0.867647,0.306908,95,SELU(),304,0.903361,0.78889,0.867647,0.710669,0.898693,0.778649,0.970588,0.936382,True,0.05214733333333332,ionosphere,2,exp0090_politica_1_oracle_1m1l,,,0.9506935452105635,topsis_pareto_oracle
0,1432460,1533260,16082060,3801,False,6,6,2,0.000165,0.926471,0.398254,97,GELU(approximate=False),401,0.882353,0.738604,0.926471,0.838462,0.892157,0.76088,0.941176,0.871212,True,0.066572,ionosphere,5,exp0090_politica_1_oracle_1m1l,,,0.9593623334936936,topsis_pareto_oracle
0,1435359,1536159,16084959,2608,False,2,2,9,6.6e-05,0.882353,0.287457,96,SELU(),308,0.89916,0.776885,0.882353,0.742652,0.898693,0.77617,0.970588,0.936382,True,0.022822000000000047,ionosphere,0,exp0090_politica_1_oracle_1m1l,,,0.9383382677646703,topsis_pareto_oracle
0,1443603,1544403,16093203,2402,False,0,0,3,0.000113,0.852941,0.3641,97,SELU(),302,0.89916,0.777526,0.852941,0.671397,0.888889,0.753942,0.941176,0.871212,True,0.07075266666666669,ionosphere,13,exp0090_politica_1_oracle_1m1l,,,0.9601758678089436,topsis_pareto_oracle
0,1447479,1548279,16097079,400,False,4,4,1,0.000268,0.867647,0.401962,97,Identity(),0,0.844538,0.664252,0.867647,0.720325,0.849673,0.676794,0.941176,0.874007,True,0.037382000000000026,ionosphere,14,exp0090_politica_1_oracle_1m1l,,,0.9282336304674815,topsis_pareto_oracle
0,1453623,1554423,16103223,1307,False,5,5,8,0.00011,0.955882,0.268294,95,ReLU(),107,0.920168,0.824351,0.955882,0.905068,0.931373,0.850086,0.970588,0.938679,True,0.05381133333333336,ionosphere,11,exp0090_politica_1_oracle_1m1l,,,0.9412296106433867,topsis_pareto_oracle
0,1458348,1559148,16107948,3503,False,3,3,4,0.000128,0.941176,0.345442,95,GELU(approximate=False),403,0.92437,0.832995,0.941176,0.870603,0.928105,0.841324,0.970588,0.938679,True,0.025071999999999983,ionosphere,4,exp0090_politica_1_oracle_1m1l,,,0.9542231408811149,topsis_pareto_oracle
0,1461612,1562412,16111212,601,False,6,6,2,0.000157,0.882353,0.369885,98,Identity(),1,0.882353,0.739574,0.882353,0.742652,0.882353,0.74007,0.941176,0.871212,True,0.002052000000000017,ionosphere,8,exp0090_politica_1_oracle_1m1l,,,0.9581955326657472,topsis_pareto_oracle
0,1471791,1572591,16121391,403,False,4,4,4,9.1e-05,0.852941,0.417676,93,Identity(),3,0.907563,0.796822,0.852941,0.6729,0.895425,0.76962,0.970588,0.938679,True,0.08261466666666666,ionosphere,10,exp0090_politica_1_oracle_1m1l,,,0.9473496364603045,topsis_pareto_oracle
0,1474313,1575113,16123913,4403,False,4,4,4,0.000149,0.838235,0.475998,98,Sigmoid(),503,0.827731,0.627494,0.838235,0.658281,0.833333,0.641386,0.941176,0.874007,True,0.020524666666666674,ionosphere,7,exp0090_politica_1_oracle_1m1l,,,0.92649499971923,topsis_pareto_oracle
0,1478639,1579439,16128239,4407,False,4,4,8,0.000106,0.852941,0.45354,95,Sigmoid(),507,0.857143,0.694645,0.852941,0.678521,0.856209,0.690849,0.941176,0.874007,True,0.010749333333333277,ionosphere,12,exp0090_politica_1_oracle_1m1l,,,0.9140951823018025,topsis_pareto_oracle
0,1486810,1587610,16136410,2704,False,3,3,5,8.9e-05,0.867647,0.315022,99,SELU(),304,0.894958,0.767557,0.867647,0.705248,0.888889,0.753564,0.970588,0.938679,True,0.04153933333333337,ionosphere,3,exp0090_politica_1_oracle_1m1l,,,0.9579729572327722,topsis_pareto_oracle
0,1493563,1594363,16143163,4102,False,1,1,3,0.00016,0.823529,0.522402,99,Sigmoid(),502,0.865546,0.709613,0.823529,0.626783,0.859477,0.697858,0.941176,0.874007,True,0.05522000000000005,ionosphere,15,exp0090_politica_1_oracle_1m1l,,,0.9282336304674815,topsis_pareto_oracle
0,1497445,1598245,16147045,3100,False,7,7,1,0.000235,0.911765,0.471721,89,SELU(),300,0.882353,0.738934,0.911765,0.80647,0.888889,0.753942,0.970588,0.938679,True,0.04502400000000003,ionosphere,1,exp0090_politica_1_oracle_1m1l,,,0.932786478815942,topsis_pareto_oracle
0,1505434,1606234,16155034,3407,False,2,2,8,0.000102,0.852941,0.319578,96,GELU(approximate=False),407,0.915966,0.81455,0.852941,0.6729,0.901961,0.783391,0.970588,0.938679,True,0.0944333333333333,ionosphere,16,exp0090_politica_1_oracle_1m1l,,,0.9433631695808213,topsis_pareto_oracle
0,1511412,1612212,16161012,1006,False,2,2,7,0.000104,0.823529,0.428861,97,ReLU(),106,0.89916,0.77656,0.823529,0.60386,0.882353,0.738549,0.970588,0.938679,True,0.11513333333333338,ionosphere,6,exp0090_politica_1_oracle_1m1l,,,0.9634914083247205,topsis_pareto_oracle
0,1517197,1617997,16166797,5203,False,4,4,4,0.000108,0.835526,0.417256,97,Tanh(),603,0.766917,0.465791,0.835526,0.624089,0.782164,0.500278,0.802632,0.546779,True,0.105532,diabetes,17,exp0090_politica_1_oracle_1m1l,,,0.9446817382072434,topsis_pareto_oracle
0,1517997,1618797,16167597,5006,False,2,2,7,8.4e-05,0.782895,0.44632,92,Tanh(),606,0.787594,0.51071,0.782895,0.507722,0.78655,0.509671,0.815789,0.576804,True,0.0019919999999999938,diabetes,18,exp0090_politica_1_oracle_1m1l,,,0.937165587781416,topsis_pareto_oracle
0,1523343,1624143,16172943,5504,False,7,7,5,9.7e-05,0.782895,0.453173,94,Tanh(),604,0.780075,0.495949,0.782895,0.499107,0.780702,0.496556,0.802632,0.546779,True,0.0021053333333333666,diabetes,2,exp0090_politica_1_oracle_1m1l,,,0.9309501963751103,topsis_pareto_oracle
0,1530180,1630980,16179780,2705,False,3,3,6,7.3e-05,0.822368,0.423046,96,SELU(),305,0.781955,0.495281,0.822368,0.593902,0.792398,0.520818,0.802632,0.544436,True,0.06574733333333334,diabetes,5,exp0090_politica_1_oracle_1m1l,,,0.9310124186326099,topsis_pareto_oracle
0,1534873,1635673,16184473,3503,False,3,3,4,0.000149,0.789474,0.437829,97,GELU(approximate=False),403,0.785714,0.509474,0.789474,0.515768,0.78655,0.510811,0.815789,0.579365,True,0.004196000000000015,diabetes,0,exp0090_politica_1_oracle_1m1l,,,0.9677143206523277,topsis_pareto_oracle
0,1542735,1643535,16192335,5304,False,5,5,5,9.1e-05,0.769737,0.486872,90,Tanh(),604,0.789474,0.516756,0.769737,0.461175,0.785088,0.50397,0.802632,0.544436,True,0.037054,diabetes,13,exp0090_politica_1_oracle_1m1l,,,0.9168105194716809,topsis_pareto_oracle
0,1550641,1651441,16200241,1807,False,2,2,8,8.9e-05,0.730263,0.51124,97,LeakyReLU(negative_slope=0.01),207,0.796992,0.535005,0.730263,0.374125,0.782164,0.499676,0.802632,0.546779,True,0.10725333333333331,diabetes,14,exp0090_politica_1_oracle_1m1l,,,0.9280978342860801,topsis_pareto_oracle
0,1551572,1652372,16201172,1103,False,3,3,4,0.000125,0.782895,0.468056,96,ReLU(),103,0.778196,0.488118,0.782895,0.501535,0.780702,0.494818,0.815789,0.576829,True,0.008944666666666637,diabetes,11,exp0090_politica_1_oracle_1m1l,,,0.9609664596832361,topsis_pareto_oracle
0,1560455,1661255,16210055,5001,False,2,2,2,0.000264,0.756579,0.55543,99,Tanh(),601,0.789474,0.51382,0.756579,0.443663,0.780702,0.494284,0.802632,0.544436,True,0.04677133333333339,diabetes,4,exp0090_politica_1_oracle_1m1l,,,0.9378255519600073,topsis_pareto_oracle
0,1564504,1665304,16214104,5001,False,2,2,2,0.000217,0.796053,0.453491,92,Tanh(),601,0.781955,0.495824,0.796053,0.528921,0.785088,0.50312,0.802632,0.544436,True,0.02206466666666666,diabetes,8,exp0090_politica_1_oracle_1m1l,,,0.932994046222821,topsis_pareto_oracle
0,1571829,1672629,16221429,2301,False,7,7,2,9.7e-05,0.743421,0.629022,99,LeakyReLU(negative_slope=0.01),201,0.770677,0.494702,0.743421,0.438195,0.766082,0.483611,0.789474,0.541679,True,0.037671333333333314,diabetes,10,exp0090_politica_1_oracle_1m1l,,,0.9624965368033896,topsis_pareto_oracle
0,1575457,1676257,16225057,4902,False,1,1,3,0.000113,0.769737,0.512541,93,Tanh(),602,0.785714,0.505953,0.769737,0.481756,0.780702,0.495955,0.815789,0.576804,True,0.016131333333333314,diabetes,7,exp0090_politica_1_oracle_1m1l,,,0.9380530885687212,topsis_pareto_oracle
0,1580313,1681113,16229913,905,False,1,1,6,9.4e-05,0.776316,0.49428,96,ReLU(),105,0.780075,0.490494,0.776316,0.484757,0.782164,0.496109,0.802632,0.544436,True,0.007568000000000019,diabetes,12,exp0090_politica_1_oracle_1m1l,,,0.9309228429414875,topsis_pareto_oracle
0,1589093,1689893,16238693,2103,False,5,5,4,0.000124,0.815789,0.449523,95,LeakyReLU(negative_slope=0.01),203,0.770677,0.476458,0.815789,0.576461,0.782164,0.500902,0.802632,0.544436,True,0.06666866666666667,diabetes,3,exp0090_politica_1_oracle_1m1l,,,0.9363004009601025,topsis_pareto_oracle
0,1595635,1696435,16245235,3905,False,7,7,6,8.9e-05,0.822368,0.453349,94,GELU(approximate=False),405,0.759399,0.449367,0.822368,0.597738,0.773392,0.482666,0.802632,0.546779,True,0.09891399999999999,diabetes,15,exp0090_politica_1_oracle_1m1l,,,0.9323487762889519,topsis_pareto_oracle
0,1597751,1698551,16247351,5101,False,3,3,2,0.000168,0.763158,0.503497,98,Tanh(),601,0.776316,0.486347,0.763158,0.460738,0.773392,0.480487,0.815789,0.576804,True,0.017072666666666663,diabetes,1,exp0090_politica_1_oracle_1m1l,,,0.9915249828432249,topsis_pareto_oracle
0,1602214,1703014,16251814,5408,False,6,6,9,6.9e-05,0.789474,0.484987,96,Tanh(),608,0.785714,0.506579,0.789474,0.512022,0.78655,0.506435,0.828947,0.608487,True,0.0037246666666666726,diabetes,16,exp0090_politica_1_oracle_1m1l,,,0.9506577367290793,topsis_pareto_oracle
0,1610132,1710932,16259732,3801,False,6,6,2,0.000207,0.796053,0.483704,96,GELU(approximate=False),401,0.770677,0.472728,0.796053,0.530353,0.777778,0.489096,0.802632,0.544436,True,0.038416666666666655,diabetes,6,exp0090_politica_1_oracle_1m1l,,,0.9372350462992333,topsis_pareto_oracle
0,1615761,1716561,16265361,4602,False,6,6,3,0.000222,0.823529,0.44986,95,Sigmoid(),502,0.840336,0.676971,0.823529,0.645281,0.836601,0.669839,0.897059,0.804616,True,0.021126666666666665,Australian,17,exp0090_politica_1_oracle_1m1l,,,0.9483900865619646,topsis_pareto_oracle
0,1621694,1722494,16271294,2800,False,4,4,1,0.000303,0.867647,0.370896,97,SELU(),300,0.838235,0.67102,0.867647,0.731002,0.844771,0.684364,0.911765,0.821271,True,0.03998800000000006,Australian,18,exp0090_politica_1_oracle_1m1l,,,0.9727570703403219,topsis_pareto_oracle
0,1627402,1728202,16277002,4102,False,1,1,3,0.000283,0.852941,0.468603,99,Sigmoid(),502,0.834034,0.6641,0.852941,0.707257,0.839869,0.676646,0.897059,0.804616,True,0.028771333333333333,Australian,2,exp0090_politica_1_oracle_1m1l,,,0.9625375076939957,topsis_pareto_oracle
0,1630930,1731730,16280530,4900,False,1,1,1,0.000274,0.845588,0.420388,95,Tanh(),600,0.852941,0.701337,0.845588,0.686368,0.851307,0.697671,0.897059,0.792253,True,0.00997933333333334,Australian,5,exp0090_politica_1_oracle_1m1l,,,0.957194608785484,topsis_pareto_oracle
0,1638568,1739368,16288168,1300,False,5,5,1,0.000327,0.830882,0.461521,96,ReLU(),100,0.85084,0.69664,0.830882,0.657691,0.848039,0.691157,0.911765,0.824563,True,0.025966000000000006,Australian,0,exp0090_politica_1_oracle_1m1l,,,0.9742192817601926,topsis_pareto_oracle
0,1645738,1746538,16295338,4602,False,6,6,3,0.000234,0.889706,0.414545,97,Sigmoid(),502,0.842437,0.680074,0.889706,0.777891,0.852941,0.701784,0.897059,0.796731,True,0.06521133333333336,Australian,13,exp0090_politica_1_oracle_1m1l,,,0.9621442229454386,topsis_pareto_oracle
0,1648444,1749244,16298044,3600,False,4,4,1,0.000344,0.852941,0.443576,99,GELU(approximate=False),400,0.865546,0.726832,0.852941,0.701455,0.862745,0.721182,0.911765,0.831209,True,0.01691799999999999,Australian,14,exp0090_politica_1_oracle_1m1l,,,1.0,topsis_pareto_oracle
0,1655284,1756084,16304884,4003,False,0,0,4,0.000239,0.838235,0.450982,99,Sigmoid(),503,0.859244,0.714426,0.838235,0.676269,0.854575,0.705567,0.897059,0.804616,True,0.025438,Australian,11,exp0090_politica_1_oracle_1m1l,,,0.963298664263737,topsis_pareto_oracle
0,1660958,1761758,16310558,4702,False,7,7,3,0.000249,0.823529,0.450323,96,Sigmoid(),502,0.840336,0.680696,0.823529,0.640733,0.836601,0.670693,0.897059,0.804616,True,0.02664199999999998,Australian,4,exp0090_politica_1_oracle_1m1l,,,0.9584670442434903,topsis_pareto_oracle
0,1668051,1768851,16317651,1706,False,1,1,7,0.000115,0.860294,0.333256,96,LeakyReLU(negative_slope=0.01),206,0.890756,0.778446,0.860294,0.718862,0.883987,0.76503,0.897059,0.790847,True,0.03972266666666665,Australian,8,exp0090_politica_1_oracle_1m1l,,,0.9428232830953552,topsis_pareto_oracle
0,1671291,1772091,16320891,4101,False,1,1,2,0.000269,0.867647,0.472894,98,Sigmoid(),501,0.844538,0.685258,0.867647,0.731721,0.849673,0.695581,0.897059,0.796731,True,0.030975333333333282,Australian,10,exp0090_politica_1_oracle_1m1l,,,0.9687814332260283,topsis_pareto_oracle
0,1677653,1778453,16327253,5000,False,2,2,1,0.00036,0.838235,0.398598,99,Tanh(),600,0.855042,0.706406,0.838235,0.671189,0.851307,0.698538,0.897059,0.796731,True,0.02347799999999996,Australian,7,exp0090_politica_1_oracle_1m1l,,,0.9626675743107364,topsis_pareto_oracle
0,1685197,1785997,16334797,3501,False,3,3,2,0.000219,0.830882,0.424924,99,GELU(approximate=False),401,0.867647,0.731226,0.830882,0.657658,0.859477,0.714804,0.897059,0.792253,True,0.049045333333333385,Australian,12,exp0090_politica_1_oracle_1m1l,,,0.9559987914976992,topsis_pareto_oracle
0,1686190,1786990,16335790,4103,False,1,1,4,0.000207,0.845588,0.430593,98,Sigmoid(),503,0.842437,0.681112,0.845588,0.688247,0.843137,0.682687,0.911765,0.831209,True,0.004756666666666669,Australian,3,exp0090_politica_1_oracle_1m1l,,,0.9816509041583747,topsis_pareto_oracle
0,1695525,1796325,16345125,4405,False,4,4,6,0.000174,0.830882,0.408206,99,Sigmoid(),505,0.857143,0.710564,0.830882,0.65956,0.851307,0.699119,0.911765,0.831209,True,0.034002666666666626,Australian,15,exp0090_politica_1_oracle_1m1l,,,0.956401317597709,topsis_pareto_oracle
0,1701727,1802527,16351327,1900,False,3,3,1,0.000265,0.882353,0.437478,97,LeakyReLU(negative_slope=0.01),200,0.846639,0.688738,0.882353,0.761987,0.854575,0.705034,0.911765,0.821271,True,0.04883266666666667,Australian,1,exp0090_politica_1_oracle_1m1l,,,0.9758145784983986,topsis_pareto_oracle
0,1705265,1806065,16354865,600,False,6,6,1,0.000266,0.838235,0.382457,98,Identity(),0,0.855042,0.70726,0.838235,0.670823,0.851307,0.698812,0.926471,0.858157,True,0.02429133333333337,Australian,16,exp0090_politica_1_oracle_1m1l,,,0.9837350801605454,topsis_pareto_oracle
0,1709260,1810060,16358860,5402,False,6,6,3,0.000145,0.867647,0.354263,97,Tanh(),602,0.861345,0.718221,0.867647,0.730961,0.862745,0.720972,0.897059,0.792253,True,0.008493333333333316,Australian,6,exp0090_politica_1_oracle_1m1l,,,0.9634266408528378,topsis_pareto_oracle
0,1716228,1817028,16365828,3913,False,7,7,14,0.000288,0.935673,0.209403,98,GELU(approximate=False),413,0.913952,0.803533,0.935673,0.855843,0.918778,0.815217,0.94152,0.867364,True,0.03487333333333331,car(3),17,exp0090_politica_1_oracle_1m1l,,,0.9150267384577508,topsis_pareto_oracle
0,1724254,1825054,16373854,3908,False,7,7,9,0.000362,0.862573,0.296037,98,GELU(approximate=False),408,0.889724,0.742203,0.862573,0.672398,0.88564,0.731961,0.912281,0.797415,True,0.046536666666666594,car(3),18,exp0090_politica_1_oracle_1m1l,,,0.9145737568776746,topsis_pareto_oracle
0,1726157,1826957,16375757,2009,False,4,4,10,0.000295,0.853801,0.351247,96,LeakyReLU(negative_slope=0.01),209,0.857978,0.667007,0.853801,0.653069,0.858999,0.669052,0.918129,0.809383,True,0.010655333333333314,car(3),2,exp0090_politica_1_oracle_1m1l,,,0.9102549490260563,topsis_pareto_oracle
0,1734543,1835343,16384143,1410,False,6,6,11,0.000283,0.862573,0.313408,97,ReLU(),110,0.880535,0.721973,0.862573,0.677312,0.877843,0.715131,0.912281,0.797734,True,0.029773999999999967,car(3),5,exp0090_politica_1_oracle_1m1l,,,0.9140215360530487,topsis_pareto_oracle
0,1738179,1838979,16387779,3805,False,6,6,6,0.000101,0.807018,0.823949,17,GELU(approximate=False),405,0.800334,0.522919,0.807018,0.533023,0.803119,0.524055,0.836257,0.604791,True,0.0067360000000000015,car(3),0,exp0090_politica_1_oracle_1m1l,,,0.9168545589836113,topsis_pareto_oracle
0,1745310,1846110,16394910,3911,False,7,7,12,0.000321,0.921053,0.240313,99,GELU(approximate=False),411,0.903926,0.780659,0.921053,0.818993,0.908382,0.790623,0.929825,0.839236,True,0.025555999999999985,car(3),13,exp0090_politica_1_oracle_1m1l,,,0.9163578135263298,topsis_pareto_oracle
0,1750431,1851231,16400031,3913,False,7,7,14,0.000191,0.874269,0.352219,50,GELU(approximate=False),413,0.864662,0.678314,0.874269,0.700037,0.868096,0.68619,0.883041,0.722482,True,0.014482000000000031,car(3),14,exp0090_politica_1_oracle_1m1l,,,0.868457823888074,topsis_pareto_oracle
0,1755371,1856171,16404971,911,False,1,1,12,0.000169,0.836257,0.411889,45,ReLU(),111,0.828739,0.58059,0.836257,0.60302,0.830409,0.585589,0.877193,0.70547,True,0.0149533333333333,car(3),11,exp0090_politica_1_oracle_1m1l,,,0.8832613527661548,topsis_pareto_oracle
0,1762756,1863556,16412356,3507,False,3,3,8,0.000406,0.900585,0.284929,99,GELU(approximate=False),407,0.879699,0.718535,0.900585,0.770811,0.88629,0.73512,0.918129,0.810244,True,0.03485066666666666,car(3),4,exp0090_politica_1_oracle_1m1l,,,0.9228747805969584,topsis_pareto_oracle
0,1766277,1867077,16415877,1006,False,2,2,7,0.000362,0.877193,0.313896,95,ReLU(),106,0.867168,0.689038,0.877193,0.714942,0.870695,0.697997,0.900585,0.767783,True,0.017269333333333286,car(3),8,exp0090_politica_1_oracle_1m1l,,,0.9126788775400625,topsis_pareto_oracle
0,1773130,1873930,16422730,2313,False,7,7,14,0.000281,0.921053,0.238687,99,LeakyReLU(negative_slope=0.01),213,0.904762,0.782891,0.921053,0.823316,0.908382,0.791957,0.935673,0.853039,True,0.02695000000000003,car(3),10,exp0090_politica_1_oracle_1m1l,,,0.9153979786660978,topsis_pareto_oracle
0,1779048,1879848,16428648,3707,False,5,5,8,0.000345,0.888889,0.292142,99,GELU(approximate=False),407,0.87218,0.699346,0.888889,0.739856,0.876543,0.710121,0.906433,0.781436,True,0.027006666666666623,car(3),7,exp0090_politica_1_oracle_1m1l,,,0.9246239732738969,topsis_pareto_oracle
0,1780950,1881750,16430550,1212,False,4,4,13,0.000277,0.909357,0.23583,99,ReLU(),112,0.91061,0.796012,0.909357,0.793323,0.909682,0.793753,0.929825,0.839515,True,0.0017926666666667017,car(3),12,exp0090_politica_1_oracle_1m1l,,,0.9113159550570606,topsis_pareto_oracle
0,1787646,1888446,16437246,3611,False,4,4,12,0.000268,0.897661,0.290744,90,GELU(approximate=False),411,0.892231,0.749298,0.897661,0.764524,0.893437,0.752628,0.923977,0.824472,True,0.010150666666666641,car(3),3,exp0090_politica_1_oracle_1m1l,,,0.91396283476329,topsis_pareto_oracle
0,1794919,1895719,16444519,3612,False,4,4,13,0.000327,0.909357,0.24854,98,GELU(approximate=False),412,0.917293,0.811989,0.909357,0.795675,0.916179,0.809944,0.923977,0.827007,True,0.01087599999999996,car(3),15,exp0090_politica_1_oracle_1m1l,,,0.9122762104780806,topsis_pareto_oracle
0,1799220,1900020,16448820,3704,False,5,5,5,0.000475,0.856725,0.330891,98,GELU(approximate=False),404,0.865497,0.681625,0.856725,0.659052,0.864198,0.67831,0.906433,0.781189,True,0.01504866666666671,car(3),1,exp0090_politica_1_oracle_1m1l,,,0.9219026567672106,topsis_pareto_oracle
0,1807014,1907814,16456614,3511,False,3,3,12,0.000332,0.929825,0.240303,99,GELU(approximate=False),411,0.913116,0.800687,0.929825,0.840695,0.918129,0.812806,0.923977,0.82596,True,0.026671999999999956,car(3),16,exp0090_politica_1_oracle_1m1l,,,0.9156554830336713,topsis_pareto_oracle
0,1813695,1914495,16463295,3706,False,5,5,7,0.000455,0.935673,0.256351,99,GELU(approximate=False),406,0.903926,0.778547,0.935673,0.853396,0.910981,0.79531,0.935673,0.853247,True,0.04989933333333337,car(3),6,exp0090_politica_1_oracle_1m1l,,,0.9357637450425137,topsis_pareto_oracle
0,1814541,1915341,16464141,3906,False,7,7,7,9.6e-05,0.785,0.465677,95,GELU(approximate=False),406,0.782857,0.454857,0.785,0.457253,0.783333,0.455356,0.78,0.431679,True,0.0015973333333333395,credit-g,17,exp0090_politica_1_oracle_1m1l,,,0.9538892470836527,topsis_pareto_oracle
0,1823371,1924171,16472971,4905,False,1,1,6,8.6e-05,0.8,0.471488,88,Tanh(),605,0.78,0.447496,0.8,0.495176,0.784444,0.457845,0.78,0.436436,True,0.031786666666666664,credit-g,18,exp0090_politica_1_oracle_1m1l,,,0.9176082163780508,topsis_pareto_oracle
0,1828085,1928885,16477685,5400,False,6,6,1,0.000323,0.75,0.503871,97,Tanh(),600,0.767143,0.408083,0.75,0.358957,0.763333,0.398152,0.77,0.406063,True,0.03275066666666663,credit-g,2,exp0090_politica_1_oracle_1m1l,,,0.9529386368857655,topsis_pareto_oracle
0,1831905,1932705,16481505,5300,False,5,5,1,0.000313,0.78,0.513336,98,Tanh(),600,0.771429,0.432578,0.78,0.449636,0.773333,0.436287,0.77,0.412532,True,0.011371999999999974,credit-g,5,exp0090_politica_1_oracle_1m1l,,,0.9496660456618207,topsis_pareto_oracle
0,1841680,1942480,16491280,4803,False,0,0,4,0.000102,0.745,0.497385,83,Tanh(),603,0.791429,0.476023,0.745,0.367984,0.781111,0.451231,0.78,0.436436,True,0.07202599999999999,credit-g,0,exp0090_politica_1_oracle_1m1l,,,0.9013969972859949,topsis_pareto_oracle
0,1845241,1946041,16494841,3404,False,2,2,5,0.00011,0.77,0.488861,97,GELU(approximate=False),404,0.791429,0.473419,0.77,0.420016,0.786667,0.461432,0.76,0.369048,True,0.03560199999999999,credit-g,13,exp0090_politica_1_oracle_1m1l,,,0.9253405954728992,topsis_pareto_oracle
0,1850115,1950915,16499715,4901,False,1,1,2,0.000172,0.795,0.457633,97,Tanh(),601,0.782857,0.453848,0.795,0.483381,0.784444,0.45709,0.77,0.412532,True,0.019688666666666688,credit-g,14,exp0090_politica_1_oracle_1m1l,,,0.9059826922615203,topsis_pareto_oracle
0,1858200,1959000,16507800,1702,False,1,1,3,0.000143,0.82,0.457403,96,LeakyReLU(negative_slope=0.01),202,0.781429,0.440715,0.82,0.546471,0.79,0.463962,0.76,0.374879,True,0.07050400000000001,credit-g,11,exp0090_politica_1_oracle_1m1l,,,0.9254495521057063,topsis_pareto_oracle
0,1863982,1964782,16513582,2201,False,6,6,2,0.000186,0.75,0.498729,96,LeakyReLU(negative_slope=0.01),201,0.788571,0.469577,0.75,0.372993,0.78,0.447965,0.76,0.381881,True,0.06438933333333334,credit-g,4,exp0090_politica_1_oracle_1m1l,,,0.9303693941749419,topsis_pareto_oracle
0,1865750,1966550,16515350,3304,False,1,1,5,0.000124,0.79,0.497604,92,GELU(approximate=False),404,0.784286,0.459041,0.79,0.495335,0.785556,0.466707,0.76,0.381881,True,0.024196000000000033,credit-g,8,exp0090_politica_1_oracle_1m1l,,,0.9056969170400707,topsis_pareto_oracle
0,1874517,1975317,16524117,3704,False,5,5,5,0.000134,0.76,0.522146,97,GELU(approximate=False),404,0.794286,0.486132,0.76,0.385744,0.787778,0.466841,0.77,0.400845,True,0.06692533333333335,credit-g,10,exp0090_politica_1_oracle_1m1l,,,0.9324087564135277,topsis_pareto_oracle
0,1878790,1979590,16528390,804,False,0,0,5,0.000118,0.805,0.47531,98,ReLU(),104,0.785714,0.461239,0.805,0.518182,0.79,0.473309,0.77,0.412532,True,0.03796200000000002,credit-g,7,exp0090_politica_1_oracle_1m1l,,,0.9245708282814684,topsis_pareto_oracle
0,1886626,1987426,16536226,1505,False,7,7,6,0.000103,0.76,0.512841,91,ReLU(),105,0.795714,0.485855,0.76,0.403162,0.79,0.473309,0.77,0.420016,True,0.05512866666666664,credit-g,12,exp0090_politica_1_oracle_1m1l,,,0.925773314234062,topsis_pareto_oracle
0,1890393,1991193,16539993,4902,False,1,1,3,0.000131,0.765,0.493976,99,Tanh(),602,0.787143,0.470482,0.765,0.393805,0.783333,0.456935,0.76,0.374879,True,0.051118,credit-g,3,exp0090_politica_1_oracle_1m1l,,,0.8666914430306257,topsis_pareto_oracle
0,1893120,1993920,16542720,1203,False,4,4,4,0.000153,0.79,0.488351,97,ReLU(),103,0.787143,0.466386,0.79,0.47187,0.787778,0.467586,0.78,0.436436,True,0.0036559999999999926,credit-g,15,exp0090_politica_1_oracle_1m1l,,,0.9567378332275411,topsis_pareto_oracle
0,1900512,2001312,16550112,606,False,6,6,7,7.6e-05,0.765,0.500697,99,Identity(),6,0.782857,0.455886,0.765,0.40916,0.778889,0.445526,0.77,0.406063,True,0.03115066666666666,credit-g,1,exp0090_politica_1_oracle_1m1l,,,0.9319030358054792,topsis_pareto_oracle
0,1908468,2009268,16558068,2500,False,1,1,1,0.000282,0.8,0.462674,98,SELU(),300,0.767143,0.410311,0.8,0.495176,0.774444,0.429063,0.78,0.436436,True,0.056576666666666685,credit-g,16,exp0090_politica_1_oracle_1m1l,,,0.968069164815641,topsis_pareto_oracle
0,1914350,2015150,16563950,900,False,1,1,1,4.6e-05,0.7,0.678947,99,ReLU(),100,0.778571,0.488613,0.7,0.320256,0.762222,0.448745,0.76,0.417969,True,0.11223800000000002,credit-g,6,exp0090_politica_1_oracle_1m1l,,,0.9531315781027306,topsis_pareto_oracle
0,1920756,2021556,16570356,4801,False,0,0,2,7.8e-05,0.839623,0.515063,99,Tanh(),601,0.908356,0.560694,0.839623,0.456114,0.893082,0.530662,0.962264,0.79966,True,0.06972,climate-model-simulation-crashes(4),17,exp0090_politica_1_oracle_1m1l,,,0.898538287920546,topsis_pareto_oracle
0,1924012,2024812,16573612,202,False,2,2,3,0.00012,0.95283,0.31203,84,Identity(),2,0.96496,0.753094,0.95283,0.643063,0.966457,0.753703,0.981132,0.857321,True,0.07375999999999998,climate-model-simulation-crashes(4),18,exp0090_politica_1_oracle_1m1l,,,0.888153245174578,topsis_pareto_oracle
0,1929914,2030714,16579514,702,False,7,7,3,7.6e-05,0.933962,0.370639,92,Identity(),2,0.951482,0.619529,0.933962,0.499256,0.947589,0.59157,0.981132,0.885253,True,0.08018200000000002,climate-model-simulation-crashes(4),2,exp0090_politica_1_oracle_1m1l,,,0.9270784511875446,topsis_pareto_oracle
0,1935440,2036240,16585040,3312,False,1,1,13,0.000112,0.962264,0.140252,99,GELU(approximate=False),412,0.946092,0.524543,0.962264,0.70277,0.949686,0.568156,1.0,1.0,True,0.11881800000000002,climate-model-simulation-crashes(4),5,exp0090_politica_1_oracle_1m1l,,,0.9321406227488984,topsis_pareto_oracle
0,1940852,2041652,16590452,3804,False,6,6,5,0.000119,0.971698,0.262249,99,GELU(approximate=False),404,0.956873,0.639555,0.971698,0.77874,0.960168,0.67229,0.981132,0.857321,True,0.09279,climate-model-simulation-crashes(4),0,exp0090_politica_1_oracle_1m1l,,,0.9245816493697288,topsis_pareto_oracle
0,1944710,2045510,16594310,101,False,1,1,2,0.000104,0.962264,0.308047,92,Identity(),1,0.956873,0.71186,0.962264,0.76307,0.962264,0.751454,0.981132,0.857321,True,0.03413999999999998,climate-model-simulation-crashes(4),13,exp0090_politica_1_oracle_1m1l,,,0.9154602972139315,topsis_pareto_oracle
0,1950677,2051477,16600277,3100,False,7,7,1,0.000285,0.924528,0.377605,97,SELU(),300,0.932615,0.615305,0.924528,0.574224,0.930818,0.606091,0.981132,0.885253,True,0.027387333333333357,climate-model-simulation-crashes(4),14,exp0090_politica_1_oracle_1m1l,,,0.9395088684697778,topsis_pareto_oracle
0,1956299,2057099,16605899,102,False,1,1,3,0.000117,0.971698,0.338375,94,Identity(),2,0.962264,0.720997,0.971698,0.786871,0.964361,0.735261,1.0,1.0,True,0.04391599999999999,climate-model-simulation-crashes(4),11,exp0090_politica_1_oracle_1m1l,,,0.9688456893966114,topsis_pareto_oracle
0,1963559,2064359,16613159,2816,False,4,4,17,5.8e-05,0.95283,0.118818,99,SELU(),316,0.975741,0.813164,0.95283,0.597324,0.97065,0.769302,0.981132,0.857321,True,0.14389333333333335,climate-model-simulation-crashes(4),4,exp0090_politica_1_oracle_1m1l,,,0.9084246930632798,topsis_pareto_oracle
0,1967445,2068245,16617045,3315,False,1,1,16,0.000116,0.962264,0.151908,98,GELU(approximate=False),415,0.97035,0.766864,0.962264,0.693103,0.968553,0.750731,0.981132,0.857321,True,0.049173999999999975,climate-model-simulation-crashes(4),8,exp0090_politica_1_oracle_1m1l,,,0.8866614173588766,topsis_pareto_oracle
0,1972219,2073019,16621819,2502,False,1,1,3,9.2e-05,0.95283,0.395089,97,SELU(),302,0.948787,0.712944,0.95283,0.764191,0.953878,0.740421,0.981132,0.857321,True,0.03416466666666662,climate-model-simulation-crashes(4),10,exp0090_politica_1_oracle_1m1l,,,0.9244307649645284,topsis_pareto_oracle
0,1979257,2080057,16628857,3104,False,7,7,5,6.5e-05,0.981132,0.288887,90,SELU(),304,0.97035,0.766864,0.981132,0.857321,0.972746,0.787518,0.981132,0.857321,True,0.06030466666666667,climate-model-simulation-crashes(4),7,exp0090_politica_1_oracle_1m1l,,,0.905972745137522,topsis_pareto_oracle
0,1986536,2087336,16636136,3803,False,6,6,4,0.00016,0.915094,0.311792,98,GELU(approximate=False),403,0.940701,0.533121,0.915094,-0.027883,0.93501,0.454353,0.981132,0.857321,True,0.37400266666666665,climate-model-simulation-crashes(4),12,exp0090_politica_1_oracle_1m1l,,,0.923359118109011,topsis_pareto_oracle
0,1993429,2094229,16643029,2902,False,5,5,3,8.2e-05,0.915094,0.397706,96,SELU(),302,0.956873,0.690962,0.915094,0.488322,0.947589,0.638877,0.981132,0.857321,True,0.13509333333333332,climate-model-simulation-crashes(4),3,exp0090_politica_1_oracle_1m1l,,,0.9231807886863355,topsis_pareto_oracle
0,1998269,2099069,16647869,601,False,6,6,2,0.000146,0.981132,0.325618,99,Identity(),1,0.954178,0.699322,0.981132,0.864796,0.966457,0.765945,0.981132,0.857321,True,0.11031600000000001,climate-model-simulation-crashes(4),15,exp0090_politica_1_oracle_1m1l,,,0.9272295891820347,topsis_pareto_oracle
0,2002284,2103084,16651884,2502,False,1,1,3,0.000107,0.962264,0.30117,91,SELU(),302,0.975741,0.818693,0.962264,0.729592,0.972746,0.797811,0.981132,0.885253,True,0.05940066666666666,climate-model-simulation-crashes(4),1,exp0090_politica_1_oracle_1m1l,,,0.9233140114868367,topsis_pareto_oracle
0,2009355,2110155,16658955,2400,False,0,0,1,0.000241,0.924528,0.398086,97,SELU(),300,0.948787,0.615172,0.924528,0.574224,0.9413,0.579365,0.981132,0.885253,True,0.02729866666666673,climate-model-simulation-crashes(4),16,exp0090_politica_1_oracle_1m1l,,,0.940017072989283,topsis_pareto_oracle
0,2011564,2112364,16661164,2202,False,6,6,3,0.000156,0.933962,0.31055,95,LeakyReLU(negative_slope=0.01),202,0.929919,0.371811,0.933962,0.341565,0.930818,0.357801,0.981132,0.857321,True,0.020163999999999998,climate-model-simulation-crashes(4),6,exp0090_politica_1_oracle_1m1l,,,0.9227245367985711,topsis_pareto_oracle
0,2017780,2118580,16667380,1617,False,0,0,18,3.7e-05,0.719298,0.598517,7,LeakyReLU(negative_slope=0.01),217,0.704261,0.044586,0.719298,0.065217,0.705653,0.032364,0.736842,0.213913,True,0.021902,ilpd,17,exp0090_politica_1_oracle_1m1l,,,0.7669731042600354,topsis_pareto_oracle
0,2023606,2124406,16673206,5228,False,4,4,29,3.8e-05,0.719298,0.614368,1,Tanh(),628,0.669173,0.185199,0.719298,0.318165,0.690058,0.234094,0.754386,0.391768,True,0.08864399999999999,ilpd,18,exp0090_politica_1_oracle_1m1l,,,0.6857376093518718,topsis_pareto_oracle
0,2030862,2131662,16680462,3306,False,1,1,7,5.3e-05,0.719298,0.625721,17,GELU(approximate=False),406,0.651629,0.17636,0.719298,0.304878,0.668616,0.200022,0.701754,0.303687,True,0.08567866666666667,ilpd,2,exp0090_politica_1_oracle_1m1l,,,0.826061129687224,topsis_pareto_oracle
0,2034812,2135612,16684412,5017,False,2,2,18,4.6e-05,0.736842,0.578533,12,Tanh(),617,0.709273,0.160474,0.736842,0.242087,0.7154,0.177986,0.789474,0.422006,True,0.05440866666666666,ilpd,5,exp0090_politica_1_oracle_1m1l,,,0.8631019490436593,topsis_pareto_oracle
0,2040490,2141290,16690090,2410,False,0,0,11,4.4e-05,0.736842,0.586288,9,SELU(),310,0.711779,0.272662,0.736842,0.311805,0.719298,0.284335,0.77193,0.424659,True,0.02609533333333332,ilpd,0,exp0090_politica_1_oracle_1m1l,,,0.8660421466499386,topsis_pareto_oracle
0,2045700,2146500,16695300,1220,False,4,4,21,3.9e-05,0.719298,0.596604,2,ReLU(),120,0.686717,0.251475,0.719298,0.304878,0.703704,0.272472,0.719298,0.33156,True,0.03560199999999999,ilpd,13,exp0090_politica_1_oracle_1m1l,,,0.745357688177794,topsis_pareto_oracle
0,2052400,2153200,16702000,3103,False,7,7,4,6.1e-05,0.763158,0.586373,4,SELU(),303,0.726817,0.16886,0.763158,0.324781,0.736842,0.21583,0.754386,0.294619,True,0.10394733333333332,ilpd,14,exp0090_politica_1_oracle_1m1l,,,0.805586230066769,topsis_pareto_oracle
0,2057669,2158469,16707269,4823,False,0,0,24,3.6e-05,0.745614,0.568384,4,Tanh(),623,0.714286,0.128976,0.745614,0.246805,0.725146,0.164544,0.807018,0.480001,True,0.07855266666666666,ilpd,11,exp0090_politica_1_oracle_1m1l,,,0.829659800792917,topsis_pareto_oracle
0,2062162,2162962,16711762,1031,False,2,2,32,3.6e-05,0.736842,0.598363,2,ReLU(),131,0.714286,0.198118,0.736842,0.231008,0.725146,0.211466,0.789474,0.422006,True,0.021926666666666667,ilpd,4,exp0090_politica_1_oracle_1m1l,,,0.7393211875899517,topsis_pareto_oracle
0,2071866,2172666,16721466,0,False,0,0,1,,0.719298,,1,Identity(),0,0.280702,0.0,0.719298,0.0,0.719298,0.0,0.719298,0.0,True,0.0,ilpd,8,exp0090_politica_1_oracle_1m1l,,,0.6646205947068284,topsis_pareto_oracle
0,2073843,2174643,16723443,4609,False,6,6,10,4.6e-05,0.719298,0.640433,8,Sigmoid(),509,0.699248,0.094699,0.719298,0.115033,0.711501,0.090005,0.754386,0.294619,True,0.01668533333333333,ilpd,10,exp0090_politica_1_oracle_1m1l,,,0.8093089398499153,topsis_pareto_oracle
0,2080651,2181451,16730251,5519,False,7,7,20,3.8e-05,0.719298,0.609028,3,Tanh(),619,0.651629,0.207734,0.719298,0.372749,0.664717,0.224763,0.701754,0.303687,True,0.11001,ilpd,7,exp0090_politica_1_oracle_1m1l,,,0.7409974220157802,topsis_pareto_oracle
0,2084132,2184932,16733732,1706,False,1,1,7,4.2e-05,0.719298,0.64321,2,LeakyReLU(negative_slope=0.01),206,0.711779,0.098174,0.719298,0.115033,0.711501,0.084655,0.754386,0.305257,True,0.020252000000000003,ilpd,12,exp0090_politica_1_oracle_1m1l,,,0.7807707842555687,topsis_pareto_oracle
0,2091499,2192299,16741099,704,False,7,7,5,5e-05,0.719298,0.589688,15,Identity(),4,0.689223,0.217778,0.719298,0.278476,0.699805,0.237646,0.736842,0.335994,True,0.04046533333333333,ilpd,3,exp0090_politica_1_oracle_1m1l,,,0.8250535885384122,topsis_pareto_oracle
0,2096040,2196840,16745640,2010,False,4,4,11,4.6e-05,0.736842,0.611848,15,LeakyReLU(negative_slope=0.01),210,0.721804,0.142586,0.736842,0.202458,0.729045,0.166425,0.754386,0.286922,True,0.039914666666666675,ilpd,15,exp0090_politica_1_oracle_1m1l,,,0.822303140100088,topsis_pareto_oracle
0,2105471,2206271,16755071,500,False,5,5,1,,0.719298,,1,Identity(),0,0.280702,0.0,0.719298,0.0,0.719298,0.0,0.719298,0.0,True,0.0,ilpd,1,exp0090_politica_1_oracle_1m1l,,,0.6792433369829425,topsis_pareto_oracle
0,2106715,2207515,16756315,3116,False,7,7,17,4.7e-05,0.736842,0.549762,10,SELU(),316,0.734336,0.228571,0.736842,0.231008,0.730994,0.215346,0.77193,0.358363,True,0.010441333333333322,ilpd,16,exp0090_politica_1_oracle_1m1l,,,0.8446474623033057,topsis_pareto_oracle
0,2112881,2213681,16762481,315,False,3,3,16,4.1e-05,0.72807,0.600379,4,Identity(),15,0.706767,0.052586,0.72807,0.165487,0.709552,0.072502,0.789474,0.439768,True,0.07526733333333334,ilpd,6,exp0090_politica_1_oracle_1m1l,,,0.838348107724868,topsis_pareto_oracle
0,2119948,2220748,16769548,1504,False,7,7,5,0.000174,0.875,0.422856,99,ReLU(),104,0.888095,0.796434,0.875,0.772107,0.888889,0.79793,0.916667,0.85042,True,0.01721533333333336,balance-scale,17,exp0090_politica_1_oracle_1m1l,,,0.9599928306919053,topsis_pareto_oracle
0,2123899,2224699,16773499,803,False,0,0,4,0.000255,0.925,0.347753,99,ReLU(),103,0.914286,0.846266,0.925,0.866169,0.916667,0.85063,0.933333,0.882407,True,0.01326866666666667,balance-scale,18,exp0090_politica_1_oracle_1m1l,,,0.974559640838135,topsis_pareto_oracle
0,2129505,2230305,16779105,3300,False,1,1,1,0.000582,0.925,0.71969,99,GELU(approximate=False),400,0.916667,0.85112,0.925,0.866179,0.916667,0.850558,0.933333,0.880029,True,0.010413999999999998,balance-scale,2,exp0090_politica_1_oracle_1m1l,,,0.9808787803712685,topsis_pareto_oracle
0,2138313,2239113,16787913,3100,False,7,7,1,0.000414,0.883333,0.441373,99,SELU(),300,0.902381,0.82477,0.883333,0.791393,0.898148,0.817241,0.916667,0.852316,True,0.022251333333333328,balance-scale,5,exp0090_politica_1_oracle_1m1l,,,0.9625833391829148,topsis_pareto_oracle
0,2141431,2242231,16791031,1200,False,4,4,1,0.000464,0.9,0.607407,96,ReLU(),100,0.909524,0.83853,0.9,0.823049,0.907407,0.834992,0.916667,0.854704,True,0.010320666666666645,balance-scale,0,exp0090_politica_1_oracle_1m1l,,,0.962277062845534,topsis_pareto_oracle
0,2147286,2248086,16796886,901,False,1,1,2,0.000268,0.891667,0.616106,99,ReLU(),101,0.883333,0.787506,0.891667,0.803174,0.888889,0.797974,0.916667,0.85042,True,0.010445333333333343,balance-scale,13,exp0090_politica_1_oracle_1m1l,,,0.9490014531138702,topsis_pareto_oracle
0,2154595,2255395,16804195,2402,False,0,0,3,0.00017,0.916667,0.38664,99,SELU(),302,0.892857,0.805872,0.916667,0.850538,0.9,0.819064,0.916667,0.850893,True,0.029777333333333322,balance-scale,14,exp0090_politica_1_oracle_1m1l,,,0.9635670693248942,topsis_pareto_oracle
0,2158239,2259039,16807839,1902,False,3,3,3,0.000207,0.9,0.516421,99,LeakyReLU(negative_slope=0.01),202,0.907143,0.834278,0.9,0.821781,0.905556,0.831483,0.916667,0.852316,True,0.00833133333333332,balance-scale,11,exp0090_politica_1_oracle_1m1l,,,0.9662163147893529,topsis_pareto_oracle
0,2162359,2263159,16811959,3403,False,2,2,4,0.000223,0.9,0.393676,98,GELU(approximate=False),403,0.897619,0.815015,0.9,0.819949,0.9,0.819733,0.916667,0.850893,True,0.0032893333333333294,balance-scale,4,exp0090_politica_1_oracle_1m1l,,,0.9607576063179256,topsis_pareto_oracle
0,2168743,2269543,16818343,5401,False,6,6,2,0.000267,0.9,0.617561,98,Tanh(),601,0.904762,0.828072,0.9,0.820749,0.905556,0.829428,0.916667,0.85042,True,0.005786000000000069,balance-scale,8,exp0090_politica_1_oracle_1m1l,,,0.9487650368158216,topsis_pareto_oracle
0,2175954,2276754,16825554,100,False,1,1,1,0.000561,0.908333,0.440865,98,Identity(),0,0.928571,0.872788,0.908333,0.838451,0.924074,0.864841,0.916667,0.852884,True,0.022891333333333375,balance-scale,10,exp0090_politica_1_oracle_1m1l,,,0.9650842801855977,topsis_pareto_oracle
0,2180896,2281696,16830496,1501,False,7,7,2,0.000369,0.916667,0.426432,98,ReLU(),101,0.907143,0.833566,0.916667,0.852316,0.909259,0.837715,0.916667,0.850893,True,0.012499999999999956,balance-scale,7,exp0090_politica_1_oracle_1m1l,,,0.9657498357673517,topsis_pareto_oracle
0,2186465,2287265,16836065,3801,False,6,6,2,0.0003,0.891667,0.526489,99,GELU(approximate=False),401,0.878571,0.781633,0.891667,0.808697,0.881481,0.787586,0.916667,0.854704,True,0.01804266666666665,balance-scale,12,exp0090_politica_1_oracle_1m1l,,,0.9488274231580909,topsis_pareto_oracle
0,2193902,2294702,16843502,5001,False,2,2,2,0.000303,0.916667,0.528608,96,Tanh(),601,0.904762,0.82906,0.916667,0.851485,0.909259,0.837393,0.916667,0.852316,True,0.014950000000000019,balance-scale,3,exp0090_politica_1_oracle_1m1l,,,0.958027216726433,topsis_pareto_oracle
0,2197828,2298628,16847428,1600,False,0,0,1,0.000546,0.916667,0.530847,99,LeakyReLU(negative_slope=0.01),200,0.904762,0.830042,0.916667,0.850538,0.907407,0.834388,0.916667,0.852316,True,0.013664000000000046,balance-scale,15,exp0090_politica_1_oracle_1m1l,,,0.9476742710822614,topsis_pareto_oracle
0,2202793,2303593,16852393,2205,False,6,6,6,0.00017,0.9,0.423281,98,LeakyReLU(negative_slope=0.01),205,0.911905,0.841507,0.9,0.819378,0.909259,0.836427,0.933333,0.881917,True,0.014752666666666636,balance-scale,1,exp0090_politica_1_oracle_1m1l,,,0.9556125542146899,topsis_pareto_oracle
0,2207911,2308711,16857511,2301,False,7,7,2,0.000403,0.891667,0.427803,98,LeakyReLU(negative_slope=0.01),201,0.897619,0.818526,0.891667,0.804965,0.896296,0.815427,0.916667,0.854704,True,0.009040666666666622,balance-scale,16,exp0090_politica_1_oracle_1m1l,,,0.9508368356344341,topsis_pareto_oracle
0,2213060,2313860,16862660,3204,False,0,0,5,0.00018,0.9,0.407699,99,GELU(approximate=False),404,0.904762,0.827922,0.9,0.819037,0.901852,0.822473,0.933333,0.882407,True,0.005923333333333354,balance-scale,6,exp0090_politica_1_oracle_1m1l,,,0.9597442419180584,topsis_pareto_oracle
0,2612720,2814320,17363120,3713,False,5,5,14,0.000198,0.733333,0.997361,94,GELU(approximate=False),413,0.790476,0.777344,0.733333,0.72075,0.785185,0.772251,0.733333,0.722944,True,0.03772933333333336,libras_move,17,exp0090_politica_1_oracle_1m1l,,,0.8949459230586705,topsis_pareto_oracle
0,2620080,2821680,17370480,2607,False,2,2,8,0.000217,0.6,1.188909,99,SELU(),307,0.714286,0.700114,0.6,0.580127,0.692593,0.677307,0.666667,0.656276,True,0.07999133333333337,libras_move,18,exp0090_politica_1_oracle_1m1l,,,0.9010995241662642,topsis_pareto_oracle
0,2221664,2322464,16871264,1511,False,7,7,12,0.000203,0.6,1.287557,91,ReLU(),111,0.690476,0.676217,0.6,0.580661,0.674074,0.658167,0.733333,0.722064,True,0.06370399999999998,libras_move,2,exp0090_politica_1_oracle_1m1l,,,0.8955507838987383,topsis_pareto_oracle
0,2225288,2326088,16874888,2509,False,1,1,10,0.000186,0.7,1.113267,97,SELU(),309,0.747619,0.733721,0.7,0.685128,0.737037,0.722697,0.7,0.685128,True,0.03239533333333333,libras_move,5,exp0090_politica_1_oracle_1m1l,,,0.8847072617747295,topsis_pareto_oracle
0,2233400,2334200,16883000,4812,False,0,0,13,0.000172,0.666667,1.379139,95,Tanh(),612,0.738095,0.725566,0.666667,0.651047,0.722222,0.70778,0.733333,0.722064,True,0.04967933333333333,libras_move,0,exp0090_politica_1_oracle_1m1l,,,0.8825378758103055,topsis_pareto_oracle
0,2238795,2339595,16888395,2414,False,0,0,15,0.000147,0.733333,0.937768,99,SELU(),314,0.785714,0.773932,0.733333,0.719878,0.777778,0.765321,0.733333,0.724714,True,0.03603599999999996,libras_move,13,exp0090_politica_1_oracle_1m1l,,,0.8984528534975352,topsis_pareto_oracle
0,2244479,2345279,16894079,813,False,0,0,14,0.000221,0.716667,0.964977,99,ReLU(),113,0.809524,0.796829,0.716667,0.702306,0.788889,0.775052,0.766667,0.752693,True,0.06301533333333335,libras_move,14,exp0090_politica_1_oracle_1m1l,,,0.9117495614067213,topsis_pareto_oracle
0,2248605,2349405,16898205,3814,False,6,6,15,0.000201,0.716667,0.939851,98,GELU(approximate=False),414,0.780952,0.766948,0.716667,0.701669,0.77037,0.755647,0.766667,0.755415,True,0.04351933333333332,libras_move,11,exp0090_politica_1_oracle_1m1l,,,0.9070945510400895,topsis_pareto_oracle
0,2256376,2357176,16905976,3313,False,1,1,14,0.000208,0.716667,1.007672,94,GELU(approximate=False),413,0.814286,0.802562,0.716667,0.697884,0.792593,0.778866,0.733333,0.720314,True,0.06978533333333337,libras_move,4,exp0090_politica_1_oracle_1m1l,,,0.8924745790414078,topsis_pareto_oracle
0,2258279,2359079,16907879,1509,False,7,7,10,0.000245,0.683333,1.249481,99,ReLU(),109,0.728571,0.716,0.683333,0.67036,0.722222,0.709284,0.666667,0.649068,True,0.030426666666666675,libras_move,8,exp0090_politica_1_oracle_1m1l,,,0.8939276216492319,topsis_pareto_oracle
0,2267110,2367910,16916710,1911,False,3,3,12,0.000214,0.6,1.089066,99,LeakyReLU(negative_slope=0.01),211,0.7,0.684687,0.6,0.579771,0.677778,0.661197,0.7,0.685961,True,0.069944,libras_move,10,exp0090_politica_1_oracle_1m1l,,,0.8752927785321504,topsis_pareto_oracle
0,2271117,2371917,16920717,2809,False,4,4,10,0.000183,0.7,1.155497,99,SELU(),309,0.761905,0.747189,0.7,0.683265,0.744444,0.728539,0.7,0.686797,True,0.04261599999999999,libras_move,7,exp0090_politica_1_oracle_1m1l,,,0.8996876034801021,topsis_pareto_oracle
0,2274170,2374970,16923770,307,False,3,3,8,0.00019,0.733333,1.125654,93,Identity(),7,0.714286,0.69982,0.733333,0.721406,0.718518,0.704454,0.7,0.691023,True,0.014390666666666663,libras_move,12,exp0090_politica_1_oracle_1m1l,,,0.9110471735266824,topsis_pareto_oracle
0,2284631,2385431,16934231,2113,False,5,5,14,0.000199,0.566667,1.122402,99,LeakyReLU(negative_slope=0.01),213,0.695238,0.677281,0.566667,0.541383,0.666667,0.646901,0.766667,0.754505,True,0.09059866666666672,libras_move,3,exp0090_politica_1_oracle_1m1l,,,0.9090713069203011,topsis_pareto_oracle
0,2286967,2387767,16936567,1118,False,3,3,19,0.000172,0.8,0.812623,95,ReLU(),118,0.842857,0.833946,0.8,0.789009,0.837037,0.827418,0.8,0.793306,True,0.029958000000000002,libras_move,15,exp0090_politica_1_oracle_1m1l,,,0.8779077985632449,topsis_pareto_oracle
0,2294651,2395451,16944251,3812,False,6,6,13,0.000207,0.716667,0.993164,98,GELU(approximate=False),412,0.790476,0.777477,0.716667,0.70638,0.774074,0.760771,0.733333,0.722064,True,0.047397999999999975,libras_move,1,exp0090_politica_1_oracle_1m1l,,,0.8897215335561045,topsis_pareto_oracle
0,2297517,2398317,16947117,3413,False,2,2,14,0.0002,0.733333,0.820098,96,GELU(approximate=False),413,0.704762,0.688237,0.733333,0.718359,0.711111,0.694644,0.733333,0.721187,True,0.020081333333333323,libras_move,16,exp0090_politica_1_oracle_1m1l,,,0.8962642631086821,topsis_pareto_oracle
0,2302733,2403533,16952333,5511,False,7,7,12,0.000178,0.716667,1.451115,96,Tanh(),611,0.72381,0.708432,0.716667,0.703157,0.733333,0.718362,0.766667,0.758167,True,0.010136666666666608,libras_move,6,exp0090_politica_1_oracle_1m1l,,,0.9087941836214212,topsis_pareto_oracle
0,2408204,2509004,17057804,2014,False,4,4,15,6.5e-05,0.790541,0.462747,96,LeakyReLU(negative_slope=0.01),214,0.791506,0.27899,0.790541,0.273911,0.791291,0.277865,0.837838,0.492917,True,0.003386,blood-transfusion-service-center,17,exp0090_politica_1_oracle_1m1l,,,0.9056773798192539,topsis_pareto_oracle
0,2417616,2518416,17067216,2206,False,6,6,7,9.9e-05,0.810811,0.466897,87,LeakyReLU(negative_slope=0.01),206,0.789575,0.274913,0.810811,0.367384,0.794294,0.295462,0.837838,0.492917,True,0.06164733333333331,blood-transfusion-service-center,18,exp0090_politica_1_oracle_1m1l,,,0.91343982011219,topsis_pareto_oracle
0,2420081,2520881,17069681,3511,False,3,3,12,7.2e-05,0.797297,0.463855,89,GELU(approximate=False),411,0.793436,0.283868,0.797297,0.308539,0.794294,0.291411,0.837838,0.492917,True,0.01644733333333333,blood-transfusion-service-center,2,exp0090_politica_1_oracle_1m1l,,,0.9017704662719029,topsis_pareto_oracle
0,2424935,2525735,17074535,1511,False,7,7,12,8.2e-05,0.797297,0.467403,99,ReLU(),111,0.797297,0.310978,0.797297,0.308539,0.798799,0.317773,0.837838,0.492917,True,0.006156000000000013,blood-transfusion-service-center,5,exp0090_politica_1_oracle_1m1l,,,0.9375675434680475,topsis_pareto_oracle
0,2432708,2533508,17082308,914,False,1,1,15,7e-05,0.797297,0.443218,94,ReLU(),114,0.787645,0.26486,0.797297,0.295651,0.78979,0.269928,0.824324,0.437718,True,0.020527333333333342,blood-transfusion-service-center,0,exp0090_politica_1_oracle_1m1l,,,0.8983408703649031,topsis_pareto_oracle
0,2436562,2537362,17086162,1009,False,2,2,10,7.3e-05,0.797297,0.452715,97,ReLU(),109,0.795367,0.304085,0.797297,0.300939,0.795796,0.302992,0.837838,0.492917,True,0.0020973333333333213,blood-transfusion-service-center,13,exp0090_politica_1_oracle_1m1l,,,0.9295389522999904,topsis_pareto_oracle
0,2444427,2545227,17094027,202,False,2,2,3,8.2e-05,0.77027,0.544562,92,Identity(),2,0.781853,0.264237,0.77027,0.223687,0.779279,0.245821,0.837838,0.482098,True,0.027033333333333336,blood-transfusion-service-center,14,exp0090_politica_1_oracle_1m1l,,,0.9363375327604286,topsis_pareto_oracle
0,2451931,2552731,17101531,501,False,5,5,2,0.000121,0.783784,0.501553,94,Identity(),1,0.762548,0.112995,0.783784,0.224618,0.767267,0.1378,0.824324,0.437718,True,0.07441533333333335,blood-transfusion-service-center,11,exp0090_politica_1_oracle_1m1l,,,0.9016597270438949,topsis_pareto_oracle
0,2454195,2554995,17103795,1111,False,3,3,12,7.3e-05,0.790541,0.466739,97,ReLU(),111,0.785714,0.247775,0.790541,0.264303,0.786787,0.251166,0.824324,0.437718,True,0.011018666666666677,blood-transfusion-service-center,4,exp0090_politica_1_oracle_1m1l,,,0.9151228645093434,topsis_pareto_oracle
0,2461886,2562686,17111486,2003,False,4,4,4,0.000126,0.797297,0.469264,99,LeakyReLU(negative_slope=0.01),203,0.783784,0.236946,0.797297,0.300939,0.786787,0.251166,0.824324,0.437718,True,0.04266200000000001,blood-transfusion-service-center,8,exp0090_politica_1_oracle_1m1l,,,0.9123080219710696,topsis_pareto_oracle
0,2465290,2566090,17114890,100,False,1,1,1,0.000136,0.777027,0.528847,97,Identity(),0,0.779923,0.304465,0.777027,0.284278,0.782282,0.307178,0.837838,0.484789,True,0.015266666666666687,blood-transfusion-service-center,10,exp0090_politica_1_oracle_1m1l,,,0.9858757781927533,topsis_pareto_oracle
0,2474116,2574916,17123716,3209,False,0,0,10,8.2e-05,0.810811,0.48504,97,GELU(approximate=False),409,0.789575,0.265821,0.810811,0.372328,0.797297,0.306712,0.824324,0.437718,True,0.07100466666666667,blood-transfusion-service-center,7,exp0090_politica_1_oracle_1m1l,,,0.8914858579393079,topsis_pareto_oracle
0,2477237,2578037,17126837,2303,False,7,7,4,0.000116,0.797297,0.479763,99,LeakyReLU(negative_slope=0.01),203,0.789575,0.271819,0.797297,0.300939,0.78979,0.272268,0.824324,0.437718,True,0.019413333333333355,blood-transfusion-service-center,12,exp0090_politica_1_oracle_1m1l,,,0.9330103842367821,topsis_pareto_oracle
0,2483569,2584369,17133169,913,False,1,1,14,6.5e-05,0.804054,0.483418,99,ReLU(),113,0.789575,0.262945,0.804054,0.331514,0.792793,0.277726,0.824324,0.437718,True,0.04571266666666666,blood-transfusion-service-center,3,exp0090_politica_1_oracle_1m1l,,,0.9068593643618208,topsis_pareto_oracle
0,2487542,2588342,17137142,1304,False,5,5,5,0.0001,0.797297,0.461016,99,ReLU(),104,0.795367,0.298858,0.797297,0.308539,0.798799,0.31596,0.837838,0.492917,True,0.011401333333333338,blood-transfusion-service-center,15,exp0090_politica_1_oracle_1m1l,,,0.9558373618475158,topsis_pareto_oracle
0,2494154,2594954,17143754,3415,False,2,2,16,6.4e-05,0.797297,0.454815,96,GELU(approximate=False),415,0.791506,0.27899,0.797297,0.308539,0.792793,0.285691,0.837838,0.492917,True,0.01969933333333333,blood-transfusion-service-center,1,exp0090_politica_1_oracle_1m1l,,,0.904547106032297,topsis_pareto_oracle
0,2499073,2599873,17148673,5311,False,5,5,12,6.1e-05,0.797297,0.464821,97,Tanh(),611,0.791506,0.273513,0.797297,0.308539,0.792793,0.281569,0.824324,0.437718,True,0.02335066666666667,blood-transfusion-service-center,16,exp0090_politica_1_oracle_1m1l,,,0.8856566748952163,topsis_pareto_oracle
0,2506840,2607640,17156440,1710,False,1,1,11,8.7e-05,0.783784,0.491042,97,LeakyReLU(negative_slope=0.01),210,0.797297,0.310978,0.783784,0.249694,0.794294,0.297566,0.837838,0.492917,True,0.04085599999999998,blood-transfusion-service-center,6,exp0090_politica_1_oracle_1m1l,,,0.9056323865042686,topsis_pareto_oracle
0,2513876,2614676,17163476,3912,False,7,7,13,6.8e-05,0.833333,0.462177,95,GELU(approximate=False),412,0.97619,0.946864,0.833333,0.625,0.953704,0.895302,0.916667,0.816497,True,0.21457600000000002,lsvt,17,exp0090_politica_1_oracle_1m1l,,,0.8934532487331126,topsis_pareto_oracle
0,2516805,2617605,17166405,3807,False,6,6,8,9.3e-05,0.916667,0.455057,98,GELU(approximate=False),407,0.988095,0.973328,0.916667,0.816497,0.972222,0.938083,0.916667,0.816497,True,0.10455399999999997,lsvt,18,exp0090_politica_1_oracle_1m1l,,,0.9579676876858074,topsis_pareto_oracle
0,2523823,2624623,17173423,3804,False,6,6,5,0.000137,0.875,0.391799,97,GELU(approximate=False),404,0.952381,0.894427,0.875,0.713024,0.935185,0.853907,0.916667,0.816497,True,0.12093533333333333,lsvt,2,exp0090_politica_1_oracle_1m1l,,,0.9714620068196539,topsis_pareto_oracle
0,2526246,2627046,17175846,1903,False,3,3,4,9.6e-05,0.916667,0.307302,99,LeakyReLU(negative_slope=0.01),203,0.904762,0.790569,0.916667,0.8125,0.907407,0.795192,0.833333,0.625,True,0.01462066666666669,lsvt,5,exp0090_politica_1_oracle_1m1l,,,0.8898284684105785,topsis_pareto_oracle
0,2534530,2635330,17184130,2000,False,4,4,1,0.000282,0.75,0.5793,99,LeakyReLU(negative_slope=0.01),200,0.892857,0.785436,0.75,0.478091,0.861111,0.717137,0.833333,0.707107,True,0.2048966666666667,lsvt,0,exp0090_politica_1_oracle_1m1l,,,0.936942592758364,topsis_pareto_oracle
0,2538397,2639197,17187997,1803,False,2,2,4,0.00012,0.916667,0.312921,94,LeakyReLU(negative_slope=0.01),203,0.964286,0.920575,0.916667,0.8125,0.953704,0.895443,0.916667,0.816497,True,0.07205000000000002,lsvt,13,exp0090_politica_1_oracle_1m1l,,,0.9079313412857074,topsis_pareto_oracle
0,2546031,2646831,17195631,3602,False,4,4,3,0.000102,0.875,0.378319,95,GELU(approximate=False),402,0.940476,0.86534,0.875,0.730297,0.925926,0.831729,0.916667,0.816497,True,0.09002866666666669,lsvt,14,exp0090_politica_1_oracle_1m1l,,,0.9718150102855493,topsis_pareto_oracle
0,2551686,2652486,17201286,2410,False,0,0,11,6.2e-05,0.916667,0.371278,99,SELU(),310,1.0,1.0,0.916667,0.83666,0.981481,0.959715,0.833333,0.707107,True,0.10889333333333336,lsvt,11,exp0090_politica_1_oracle_1m1l,,,0.9047303546960402,topsis_pareto_oracle
0,2557666,2658466,17207266,3611,False,4,4,12,7.2e-05,0.875,0.659527,91,GELU(approximate=False),411,0.988095,0.973328,0.875,0.713024,0.962963,0.916311,0.916667,0.816497,True,0.173536,lsvt,4,exp0090_politica_1_oracle_1m1l,,,0.9210249740755758,topsis_pareto_oracle
0,2563972,2664772,17213572,3706,False,5,5,7,8.4e-05,0.875,0.386108,86,GELU(approximate=False),406,0.988095,0.973328,0.875,0.713024,0.962963,0.916311,0.916667,0.816497,True,0.173536,lsvt,8,exp0090_politica_1_oracle_1m1l,,,0.8818332252622427,topsis_pareto_oracle
0,2566407,2667207,17216007,3208,False,0,0,9,8.9e-05,0.958333,0.252359,98,GELU(approximate=False),408,0.988095,0.973328,0.958333,0.907485,0.981481,0.958603,0.916667,0.816497,True,0.04389533333333332,lsvt,10,exp0090_politica_1_oracle_1m1l,,,0.9537855986452546,topsis_pareto_oracle
0,2574810,2675610,17224410,1801,False,2,2,2,0.000139,0.75,0.445596,91,LeakyReLU(negative_slope=0.01),201,0.880952,0.765466,0.75,0.408248,0.861111,0.701551,0.916667,0.816497,True,0.23814533333333332,lsvt,7,exp0090_politica_1_oracle_1m1l,,,0.9084263270063286,topsis_pareto_oracle
0,2580550,2681350,17230150,2003,False,4,4,4,9.5e-05,0.75,0.467749,81,LeakyReLU(negative_slope=0.01),203,0.869048,0.723923,0.75,0.53033,0.842593,0.677296,0.916667,0.83666,True,0.129062,lsvt,12,exp0090_politica_1_oracle_1m1l,,,0.8715309956581903,topsis_pareto_oracle
0,2583143,2683943,17232743,902,False,1,1,3,0.000115,0.875,0.351393,83,ReLU(),102,0.904762,0.785714,0.875,0.768706,0.898148,0.776968,0.916667,0.816497,True,0.011338666666666683,lsvt,3,exp0090_politica_1_oracle_1m1l,,,0.9075964871377035,topsis_pareto_oracle
0,2588789,2689589,17238389,3706,False,5,5,7,0.000107,0.958333,0.306128,98,GELU(approximate=False),406,0.988095,0.973328,0.958333,0.912871,0.981481,0.958333,0.916667,0.816497,True,0.040304666666666655,lsvt,15,exp0090_politica_1_oracle_1m1l,,,0.9093662923465974,topsis_pareto_oracle
0,2596876,2697676,17246476,1206,False,4,4,7,7.8e-05,0.875,0.363651,91,ReLU(),106,0.964286,0.920575,0.875,0.725476,0.944444,0.877058,0.916667,0.816497,True,0.13006600000000001,lsvt,1,exp0090_politica_1_oracle_1m1l,,,0.941056408851008,topsis_pareto_oracle
0,2602673,2703473,17252273,808,False,0,0,9,9e-05,0.875,0.460939,97,ReLU(),108,0.97619,0.946864,0.875,0.713024,0.953704,0.895443,0.916667,0.816497,True,0.15589333333333336,lsvt,16,exp0090_politica_1_oracle_1m1l,,,0.9508688744392119,topsis_pareto_oracle
0,2604278,2705078,17253878,1712,False,1,1,13,7.5e-05,0.958333,0.171883,99,LeakyReLU(negative_slope=0.01),212,0.964286,0.920575,0.958333,0.912871,0.962963,0.916311,0.916667,0.816497,True,0.005136000000000029,lsvt,6,exp0090_politica_1_oracle_1m1l,,,0.9310833494197756,topsis_pareto_oracle
0,2622014,2913214,17462014,5200,False,4,4,1,0.000402,0.973214,0.185199,98,Tanh(),600,0.966837,0.929518,0.973214,0.942756,0.968254,0.932404,0.964286,0.925125,True,0.008825333333333388,wdbc,17,exp0090_politica_1_oracle_1m1l,,,0.9941825841405012,topsis_pareto_oracle
0,2631190,2922390,17471190,2700,False,3,3,1,0.000349,0.955357,0.152916,99,SELU(),300,0.97449,0.945896,0.955357,0.906765,0.970238,0.937082,0.964286,0.925125,True,0.02608733333333328,wdbc,18,exp0090_politica_1_oracle_1m1l,,,1.0,topsis_pareto_oracle
0,2632503,2923703,17472503,1200,False,4,4,1,0.000389,0.955357,0.224052,98,ReLU(),100,0.956633,0.90938,0.955357,0.906765,0.956349,0.908799,0.964286,0.925125,True,0.0017433333333332819,wdbc,2,exp0090_politica_1_oracle_1m1l,,,0.9941825841405012,topsis_pareto_oracle
0,2638786,2929986,17478786,5500,False,7,7,1,0.000348,0.973214,0.282748,99,Tanh(),600,0.977041,0.951042,0.973214,0.943616,0.97619,0.949326,0.964286,0.925125,True,0.004950666666666696,wdbc,5,exp0090_politica_1_oracle_1m1l,,,1.0,topsis_pareto_oracle
0,2644650,2935850,17484650,3600,False,4,4,1,0.000426,0.991071,0.178994,99,GELU(approximate=False),400,0.982143,0.96225,0.991071,0.981041,0.984127,0.966412,0.964286,0.925125,True,0.012527333333333335,wdbc,0,exp0090_politica_1_oracle_1m1l,,,1.0,topsis_pareto_oracle
0,2649228,2940428,17489228,300,False,3,3,1,0.00039,0.964286,0.125133,99,Identity(),0,0.966837,0.929896,0.964286,0.92376,0.96627,0.928485,0.964286,0.925125,True,0.004090666666666613,wdbc,13,exp0090_politica_1_oracle_1m1l,,,1.0,topsis_pareto_oracle
0,2654920,2946120,17494920,2800,False,4,4,1,0.000282,0.982143,0.155356,98,SELU(),300,0.984694,0.9674,0.982143,0.96225,0.984127,0.966237,0.964286,0.925125,True,0.003433333333333325,wdbc,14,exp0090_politica_1_oracle_1m1l,,,0.9941825841405012,topsis_pareto_oracle
0,2661255,2952455,17501255,2500,False,1,1,1,0.000273,0.973214,0.119462,99,SELU(),300,0.977041,0.950947,0.973214,0.943616,0.97619,0.949192,0.964286,0.925125,True,0.004887333333333317,wdbc,11,exp0090_politica_1_oracle_1m1l,,,1.0,topsis_pareto_oracle
0,2669187,2960387,17509187,3000,False,6,6,1,0.000346,0.964286,0.129387,98,SELU(),300,0.979592,0.956454,0.964286,0.92376,0.97619,0.949192,0.964286,0.925125,True,0.021796,wdbc,4,exp0090_politica_1_oracle_1m1l,,,0.9771327860883423,topsis_pareto_oracle
0,2673878,2965078,17513878,2500,False,1,1,1,0.000245,0.973214,0.111266,97,SELU(),300,0.979592,0.956454,0.973214,0.943616,0.978175,0.953517,0.964286,0.925125,True,0.008558666666666678,wdbc,8,exp0090_politica_1_oracle_1m1l,,,0.9883941008922492,topsis_pareto_oracle
0,2677815,2969015,17517815,5101,False,3,3,2,0.000236,0.982143,0.153088,99,Tanh(),601,0.979592,0.956623,0.982143,0.96295,0.980159,0.95763,0.964286,0.925125,True,0.004217999999999981,wdbc,10,exp0090_politica_1_oracle_1m1l,,,0.9941825841405012,topsis_pareto_oracle
0,2686255,2977455,17526255,5100,False,3,3,1,0.00035,0.964286,0.217778,99,Tanh(),600,0.982143,0.96225,0.964286,0.92376,0.978175,0.953697,0.964286,0.925125,True,0.025660000000000016,wdbc,7,exp0090_politica_1_oracle_1m1l,,,1.0,topsis_pareto_oracle
0,2688049,2979249,17528049,3000,False,6,6,1,0.000425,0.973214,0.13097,99,SELU(),300,0.971939,0.940256,0.973214,0.942756,0.972222,0.940784,0.964286,0.925125,True,0.0016666666666667052,wdbc,12,exp0090_politica_1_oracle_1m1l,,,1.0,topsis_pareto_oracle
0,2697862,2989062,17537862,3201,False,0,0,2,0.000234,0.946429,0.115554,99,GELU(approximate=False),401,0.977041,0.950968,0.946429,0.88527,0.970238,0.936382,0.964286,0.925125,True,0.04379866666666669,wdbc,3,exp0090_politica_1_oracle_1m1l,,,0.9941825841405012,topsis_pareto_oracle
0,2704783,2995983,17544783,400,False,4,4,1,0.000365,0.928571,0.145281,99,Identity(),0,0.969388,0.934663,0.928571,0.847619,0.960317,0.915102,0.964286,0.925125,True,0.05802933333333334,wdbc,15,exp0090_politica_1_oracle_1m1l,,,1.0,topsis_pareto_oracle
0,2707163,2998363,17547163,4101,False,1,1,2,0.000424,0.964286,0.346454,99,Sigmoid(),501,0.959184,0.914618,0.964286,0.925125,0.960317,0.916949,0.964286,0.925125,True,0.007004666666666622,wdbc,1,exp0090_politica_1_oracle_1m1l,,,0.9941825841405012,topsis_pareto_oracle
0,2711159,3002359,17551159,3300,False,1,1,1,0.000283,0.982143,0.321768,99,GELU(approximate=False),400,0.977041,0.951042,0.982143,0.96225,0.978175,0.953517,0.964286,0.925125,True,0.007471999999999997,wdbc,16,exp0090_politica_1_oracle_1m1l,,,1.0,topsis_pareto_oracle
0,2718199,3009399,17558199,2600,False,2,2,1,0.000275,0.964286,0.147602,99,SELU(),300,0.97449,0.945507,0.964286,0.92376,0.972222,0.940669,0.964286,0.925125,True,0.014497999999999974,wdbc,6,exp0090_politica_1_oracle_1m1l,,,1.0,topsis_pareto_oracle
0,2724814,3016014,17564814,3706,False,5,5,7,0.000779,0.870313,0.323687,99,GELU(approximate=False),406,0.881027,0.852984,0.870313,0.839793,0.87934,0.850879,0.879687,0.851406,True,0.008793999999999969,satimage,17,exp0090_politica_1_oracle_1m1l,,,0.9431979326413176,topsis_pareto_oracle
0,2728748,3019948,17568748,3307,False,1,1,8,0.000631,0.874219,0.322471,98,GELU(approximate=False),407,0.885268,0.858189,0.874219,0.844512,0.882292,0.854489,0.884375,0.857179,True,0.00911799999999996,satimage,18,exp0090_politica_1_oracle_1m1l,,,0.9423503763805333,topsis_pareto_oracle
0,2733817,3025017,17573817,2605,False,2,2,6,0.000592,0.871875,0.332094,99,SELU(),305,0.876786,0.847618,0.871875,0.841915,0.877604,0.848739,0.875,0.845629,True,0.004549333333333368,satimage,2,exp0090_politica_1_oracle_1m1l,,,0.9404303343289953,topsis_pareto_oracle
0,2740978,3032178,17580978,3504,False,3,3,5,0.00079,0.864844,0.340192,98,GELU(approximate=False),404,0.872991,0.842965,0.864844,0.832987,0.872049,0.84181,0.873438,0.843598,True,0.006651999999999954,satimage,5,exp0090_politica_1_oracle_1m1l,,,0.9456121198785965,topsis_pareto_oracle
0,2744740,3035940,17584740,3004,False,6,6,5,0.000714,0.871094,0.351079,97,SELU(),304,0.868527,0.837634,0.871094,0.840618,0.871354,0.840982,0.871875,0.841725,True,0.0022320000000000118,satimage,0,exp0090_politica_1_oracle_1m1l,,,0.9404604386995775,topsis_pareto_oracle
0,2749626,3040826,17589626,3206,False,0,0,7,0.000679,0.880469,0.317117,98,GELU(approximate=False),406,0.880134,0.851806,0.880469,0.852336,0.880208,0.851915,0.876562,0.847566,True,0.00035333333333335365,satimage,13,exp0090_politica_1_oracle_1m1l,,,0.9414042645840627,topsis_pareto_oracle
0,2760431,3051631,17600431,3006,False,6,6,7,0.000595,0.891406,0.304154,99,SELU(),306,0.876786,0.847725,0.891406,0.865882,0.880208,0.851968,0.879687,0.851423,True,0.012104666666666727,satimage,14,exp0090_politica_1_oracle_1m1l,,,0.9474640984813492,topsis_pareto_oracle
0,2761006,3052206,17601006,2406,False,0,0,7,0.00062,0.880469,0.314441,99,SELU(),306,0.882143,0.854328,0.880469,0.852267,0.881771,0.853832,0.876562,0.847547,True,0.0013739999999999863,satimage,11,exp0090_politica_1_oracle_1m1l,,,0.9358290525499381,topsis_pareto_oracle
0,2768019,3059219,17608019,2507,False,1,1,8,0.000535,0.889063,0.310383,96,SELU(),307,0.884598,0.857346,0.889063,0.862987,0.887326,0.86077,0.890625,0.865009,True,0.0037606666666665975,satimage,4,exp0090_politica_1_oracle_1m1l,,,0.9439089456300508,topsis_pareto_oracle
0,2775007,3066207,17615007,1807,False,2,2,8,0.000703,0.870313,0.321893,98,LeakyReLU(negative_slope=0.01),207,0.886161,0.859283,0.870313,0.839972,0.883333,0.855808,0.884375,0.857122,True,0.012873999999999977,satimage,8,exp0090_politica_1_oracle_1m1l,,,0.9437444325646099,topsis_pareto_oracle
0,2778195,3069395,17618195,2104,False,5,5,5,0.000848,0.870313,0.3259,96,LeakyReLU(negative_slope=0.01),204,0.868973,0.838049,0.870313,0.839687,0.871181,0.840745,0.875,0.845557,True,0.0017973333333332804,satimage,10,exp0090_politica_1_oracle_1m1l,,,0.9409290895536095,topsis_pareto_oracle
0,2784920,3076120,17624920,1108,False,3,3,9,0.000632,0.889844,0.294373,98,ReLU(),108,0.883259,0.855731,0.889844,0.863985,0.885243,0.858197,0.882812,0.855392,True,0.005502666666666656,satimage,7,exp0090_politica_1_oracle_1m1l,,,0.9372219190350777,topsis_pareto_oracle
0,2792331,3083531,17632331,2107,False,5,5,8,0.000754,0.877344,0.299212,98,LeakyReLU(negative_slope=0.01),207,0.885268,0.858235,0.877344,0.848384,0.883333,0.855809,0.882812,0.85525,True,0.006567333333333296,satimage,12,exp0090_politica_1_oracle_1m1l,,,0.9381734357610734,topsis_pareto_oracle
0,2795137,3086337,17635137,2706,False,3,3,7,0.000549,0.875,0.324239,98,SELU(),306,0.883482,0.855956,0.875,0.84572,0.881597,0.853659,0.879687,0.851372,True,0.006824000000000015,satimage,3,exp0090_politica_1_oracle_1m1l,,,0.9483158103418592,topsis_pareto_oracle
0,2802023,3093223,17642023,3807,False,6,6,8,0.000664,0.878906,0.308941,99,GELU(approximate=False),407,0.885268,0.858262,0.878906,0.850399,0.883681,0.856288,0.882812,0.855273,True,0.005241999999999969,satimage,15,exp0090_politica_1_oracle_1m1l,,,0.940384533843378,topsis_pareto_oracle
0,2806615,3097815,17646615,2605,False,2,2,6,0.000559,0.86875,0.330418,97,SELU(),305,0.873214,0.843213,0.86875,0.837615,0.872569,0.842369,0.873438,0.843506,True,0.0037319999999999944,satimage,1,exp0090_politica_1_oracle_1m1l,,,0.9377771228055828,topsis_pareto_oracle
0,2811930,3103130,17651930,3005,False,6,6,6,0.000579,0.867969,0.326256,97,SELU(),305,0.871652,0.841278,0.867969,0.836875,0.871007,0.840505,0.879687,0.851304,True,0.00293533333333329,satimage,16,exp0090_politica_1_oracle_1m1l,,,0.9415732793450083,topsis_pareto_oracle
0,2818340,3109540,17658340,3505,False,3,3,6,0.000866,0.875781,0.312486,98,GELU(approximate=False),405,0.872545,0.842488,0.875781,0.846702,0.874826,0.845355,0.879687,0.851652,True,0.0028093333333332935,satimage,6,exp0090_politica_1_oracle_1m1l,,,0.943524531832853,topsis_pareto_oracle
0,3025025,3506625,27368225,3522,False,3,3,23,0.000319,0.767677,0.814695,99,GELU(),422,0.773449,0.751924,0.767677,0.745869,0.777778,0.756589,0.777778,0.756575,True,0.0071466666666666345,vowel(2),17,exp0090_politica_1_oracle_1m1l,,,0.8547183297679917,topsis_pareto_oracle
0,3033867,3515467,27377067,921,False,1,1,22,0.000312,0.757576,0.877762,98,ReLU(),121,0.79798,0.779313,0.757576,0.737044,0.790123,0.771009,0.767677,0.746879,True,0.028179333333333334,vowel(2),18,exp0090_politica_1_oracle_1m1l,,,0.8407200347212822,topsis_pareto_oracle
0,3038634,3520234,27381834,3716,False,5,5,17,0.000328,0.666667,0.979321,99,GELU(),416,0.705628,0.679592,0.666667,0.639738,0.700337,0.674205,0.727273,0.702686,True,0.026569333333333296,vowel(2),2,exp0090_politica_1_oracle_1m1l,,,0.8515817051514842,topsis_pareto_oracle
0,3042923,3524523,27386123,3424,False,2,2,25,0.000317,0.79798,0.770858,96,GELU(),424,0.813853,0.796476,0.79798,0.779683,0.81257,0.795058,0.79798,0.779178,True,0.011195333333333298,vowel(2),5,exp0090_politica_1_oracle_1m1l,,,0.8412022107616305,topsis_pareto_oracle
0,3050870,3532470,27394070,1321,False,5,5,22,0.000315,0.752525,0.847086,99,ReLU(),121,0.792208,0.773145,0.752525,0.728494,0.784512,0.764356,0.777778,0.757001,True,0.02976733333333333,vowel(2),0,exp0090_politica_1_oracle_1m1l,,,0.8447068079296197,topsis_pareto_oracle
0,3057365,3538965,27400565,3715,False,5,5,16,0.000361,0.661616,0.975127,99,GELU(),415,0.721501,0.695274,0.661616,0.629476,0.707071,0.679384,0.727273,0.702289,True,0.04386533333333328,vowel(2),13,exp0090_politica_1_oracle_1m1l,,,0.8482858198093959,topsis_pareto_oracle
0,3058084,3539684,27401284,3213,False,0,0,14,0.000387,0.707071,0.996421,98,GELU(),413,0.714286,0.687794,0.707071,0.679803,0.712682,0.685998,0.707071,0.680918,True,0.005327333333333313,vowel(2),14,exp0090_politica_1_oracle_1m1l,,,0.8521903733893905,topsis_pareto_oracle
0,3065428,3547028,27408628,1922,False,3,3,23,0.000321,0.767677,0.821078,99,LeakyReLU(negative_slope=0.01),222,0.790765,0.771497,0.767677,0.7461,0.787879,0.768312,0.777778,0.758027,True,0.016931333333333336,vowel(2),11,exp0090_politica_1_oracle_1m1l,,,0.8483938938870738,topsis_pareto_oracle
0,3070088,3551688,27413288,1018,False,2,2,19,0.000339,0.686869,0.954867,99,ReLU(),118,0.701299,0.67382,0.686869,0.657366,0.701459,0.673663,0.747475,0.724912,True,0.010969333333333312,vowel(2),4,exp0090_politica_1_oracle_1m1l,,,0.8540706857606639,topsis_pareto_oracle
0,3076195,3557795,27419395,2118,False,5,5,19,0.000334,0.732323,0.911176,98,LeakyReLU(negative_slope=0.01),218,0.756133,0.734082,0.732323,0.707324,0.754209,0.731706,0.777778,0.758112,True,0.017838666666666707,vowel(2),8,exp0090_politica_1_oracle_1m1l,,,0.8629693703861788,topsis_pareto_oracle
0,3082591,3564191,27425791,1918,False,3,3,19,0.000315,0.742424,0.944692,99,LeakyReLU(negative_slope=0.01),218,0.722944,0.697586,0.742424,0.718342,0.73064,0.705815,0.747475,0.724994,True,0.013837333333333332,vowel(2),10,exp0090_politica_1_oracle_1m1l,,,0.8352909797116276,topsis_pareto_oracle
0,3090916,3572516,27434116,3819,False,6,6,20,0.000352,0.70202,0.868165,97,GELU(),419,0.777778,0.757693,0.70202,0.673717,0.762065,0.740064,0.757576,0.735898,True,0.05598399999999996,vowel(2),7,exp0090_politica_1_oracle_1m1l,,,0.8455852693566847,topsis_pareto_oracle
0,3092006,3573606,27435206,3317,False,1,1,18,0.000351,0.722222,0.887999,99,GELU(),417,0.730159,0.704789,0.722222,0.696539,0.728395,0.702734,0.727273,0.701656,True,0.005499999999999987,vowel(2),12,exp0090_politica_1_oracle_1m1l,,,0.8471533201280359,topsis_pareto_oracle
0,3101043,3582643,27444243,1419,False,6,6,20,0.000339,0.712121,0.908724,98,ReLU(),119,0.75469,0.732241,0.712121,0.685452,0.74523,0.721727,0.757576,0.737316,True,0.03119266666666672,vowel(2),3,exp0090_politica_1_oracle_1m1l,,,0.8531420994909089,topsis_pareto_oracle
0,3103150,3584750,27446350,3813,False,6,6,14,0.0004,0.712121,0.935995,98,GELU(),413,0.704185,0.677338,0.712121,0.68648,0.710438,0.68401,0.717172,0.691924,True,0.006094666666666655,vowel(2),15,exp0090_politica_1_oracle_1m1l,,,0.8521591620728249,topsis_pareto_oracle
0,3110869,3592469,27454069,3917,False,7,7,18,0.000351,0.686869,0.911925,99,GELU(),417,0.714286,0.686859,0.686869,0.65757,0.709315,0.68136,0.727273,0.701972,True,0.019526000000000005,vowel(2),1,exp0090_politica_1_oracle_1m1l,,,0.8401059244079473,topsis_pareto_oracle
0,3113796,3595396,27456996,3616,False,4,4,17,0.000358,0.717172,0.925824,98,GELU(),416,0.714286,0.688516,0.717172,0.691748,0.714927,0.689097,0.747475,0.724584,True,0.002154666666666675,vowel(2),16,exp0090_politica_1_oracle_1m1l,,,0.8588803390879677,topsis_pareto_oracle
0,3122384,3603984,27465584,3414,False,2,2,15,0.000382,0.671717,0.986685,98,GELU(),414,0.707071,0.680129,0.671717,0.642122,0.700337,0.672715,0.737374,0.713598,True,0.02533800000000001,vowel(2),6,exp0090_politica_1_oracle_1m1l,,,0.8598771343728933,topsis_pareto_oracle
0,3127823,3609423,27471023,2400,False,0,0,1,0.001924,0.999241,0.008391,98,SELU(),300,1.0,1.0,0.999241,0.997087,0.999831,0.999351,0.998483,0.994194,True,0.0019420000000000364,musk,17,exp0090_politica_1_oracle_1m1l,,,0.9902907757596036,topsis_pareto_oracle
0,3135868,3617468,27479068,1400,False,6,6,1,0.003174,0.999241,0.015,98,ReLU(),100,1.0,1.0,0.999241,0.997075,0.999831,0.99935,1.0,1.0,True,0.0019499999999999702,musk,18,exp0090_politica_1_oracle_1m1l,,,0.9938082585450561,topsis_pareto_oracle
0,3136012,3617612,27479212,1400,False,6,6,1,0.003256,1.0,0.009216,98,ReLU(),100,1.0,1.0,1.0,1.0,1.0,1.0,1.0,1.0,True,0.0,musk,2,exp0090_politica_1_oracle_1m1l,,,0.9936024308175495,topsis_pareto_oracle
0,3144741,3626341,27487941,4700,False,7,7,1,0.003815,1.0,0.071884,95,Sigmoid(),500,0.999133,0.996664,1.0,1.0,0.999326,0.997405,0.998483,0.994194,True,0.0022240000000000038,musk,5,exp0090_politica_1_oracle_1m1l,,,0.9751582368901567,topsis_pareto_oracle
0,3147209,3628809,27490409,4300,False,3,3,1,0.006726,1.0,0.021504,99,Sigmoid(),500,1.0,1.0,1.0,1.0,1.0,1.0,0.998483,0.994194,True,0.0,musk,0,exp0090_politica_1_oracle_1m1l,,,0.990624750028608,topsis_pareto_oracle
0,3152808,3634408,27496008,4300,False,3,3,1,0.005257,1.0,0.04317,99,Sigmoid(),500,1.0,1.0,1.0,1.0,1.0,1.0,1.0,1.0,True,0.0,musk,13,exp0090_politica_1_oracle_1m1l,,,1.0,topsis_pareto_oracle
0,3158407,3640007,27501607,4400,False,4,4,1,0.006757,1.0,0.021936,97,Sigmoid(),500,1.0,1.0,1.0,1.0,1.0,1.0,1.0,1.0,True,0.0,musk,14,exp0090_politica_1_oracle_1m1l,,,0.9938082585450561,topsis_pareto_oracle
0,3165549,3647149,27508749,2101,False,5,5,2,0.00181,0.999241,0.010099,97,LeakyReLU(negative_slope=0.01),201,0.99935,0.997502,0.999241,0.997087,0.999494,0.998056,0.998483,0.994194,True,0.0006460000000000724,musk,11,exp0090_politica_1_oracle_1m1l,,,0.9863475704314968,topsis_pareto_oracle
0,3172862,3654462,27516062,1300,False,5,5,1,0.002886,1.0,0.042787,97,ReLU(),100,0.999566,0.998329,1.0,1.0,1.0,1.0,1.0,1.0,True,0.0011139999999999854,musk,4,exp0090_politica_1_oracle_1m1l,,,0.987649316790911,topsis_pareto_oracle
0,3175241,3656841,27518441,2004,False,4,4,5,0.000553,1.0,0.001088,97,LeakyReLU(negative_slope=0.01),204,1.0,1.0,1.0,1.0,1.0,1.0,1.0,1.0,True,0.0,musk,8,exp0090_politica_1_oracle_1m1l,,,0.9739100884880426,topsis_pareto_oracle
0,3180809,3662409,27524009,4600,False,6,6,1,0.005326,1.0,0.041139,99,Sigmoid(),500,1.0,1.0,1.0,1.0,1.0,1.0,0.998483,0.994194,True,0.0,musk,10,exp0090_politica_1_oracle_1m1l,,,0.992801932932672,topsis_pareto_oracle
0,3186430,3668030,27529630,2603,False,2,2,4,0.000655,1.0,0.001253,96,SELU(),303,1.0,1.0,1.0,1.0,1.0,1.0,1.0,1.0,True,0.0,musk,7,exp0090_politica_1_oracle_1m1l,,,0.9826347337072227,topsis_pareto_oracle
0,3194479,3676079,27537679,2400,False,0,0,1,0.00195,0.999241,0.015432,95,SELU(),300,0.999566,0.998333,0.999241,0.997087,0.999494,0.998056,1.0,1.0,True,0.0008306666666667203,musk,12,exp0090_politica_1_oracle_1m1l,,,0.9761904761904763,topsis_pareto_oracle
0,3200787,3682387,27543987,4200,False,2,2,1,0.003345,0.999241,0.059109,95,Sigmoid(),500,0.998699,0.994984,0.999241,0.997087,0.999157,0.996754,0.998483,0.994194,True,0.0014019999999999773,musk,3,exp0090_politica_1_oracle_1m1l,,,0.9747707461726524,topsis_pareto_oracle
0,3203235,3684835,27546435,904,False,1,1,5,0.000573,1.0,0.00116,96,ReLU(),104,1.0,1.0,1.0,1.0,1.0,1.0,0.998483,0.994194,True,0.0,musk,15,exp0090_politica_1_oracle_1m1l,,,0.969599884425657,topsis_pareto_oracle
0,3208806,3690406,27552006,4500,False,5,5,1,0.005447,1.0,0.029219,93,Sigmoid(),500,1.0,1.0,1.0,1.0,1.0,1.0,1.0,1.0,True,0.0,musk,1,exp0090_politica_1_oracle_1m1l,,,0.9648336683250576,topsis_pareto_oracle
0,3214427,3696027,27557627,4600,False,6,6,1,0.007435,1.0,0.019662,98,Sigmoid(),500,1.0,1.0,1.0,1.0,1.0,1.0,1.0,1.0,True,0.0,musk,16,exp0090_politica_1_oracle_1m1l,,,0.9936725438621096,topsis_pareto_oracle
0,3220006,3701606,27563206,4200,False,2,2,1,0.006218,1.0,0.023948,93,Sigmoid(),500,1.0,1.0,1.0,1.0,1.0,1.0,0.998483,0.994194,True,0.0,musk,6,exp0090_politica_1_oracle_1m1l,,,0.9685891080148118,topsis_pareto_oracle
